{"type":"FeatureCollection","features":[{"geometry":{"type":"MultiPolygon","coordinates":[[[[68.13862412264727,41.052217652472045],[68.14388959588958,41.05194780899729],[68.14240124296177,41.044028345138436],[68.13159299257731,41.055263113856896],[68.13862412264727,41.052217652472045]]],[[[76.9655293593967,43.379865296916755],[76.96569814337998,43.380033011782345],[76.9656823253499,43.37989725709498],[76.96560417262418,43.379847338341435],[76.9655293593967,43.379865296916755]]],[[[73.95217898175873,52.559547470608734],[73.9560470794804,52.541336097436194],[74.01325222309713,52.53623956320689],[74.02009585245031,51.92109685086818],[74.03263857169553,51.891185798659315],[73.97113040556448,51.88543707365455],[73.79592132218792,51.7955856251612],[73.78578185302428,51.60866163939575],[73.97285458103335,51.66464990371034],[74.01998137067528,51.59195325398513],[74.14219665153578,51.58599089976491],[74.24277497035467,51.54842378023728],[74.21984862682109,51.52670668486609],[74.16299437704645,51.52656553765727],[74.12280272266166,51.49628064951872],[74.0215835164228,51.51248924564825],[73.7851943543204,51.42288581733342],[73.77187349100109,51.35486224402518],[73.65983582308132,51.27769853181421],[73.48636626531167,51.30846785272476],[73.41796110557266,51.2474250505918],[73.39085387247908,51.301639539498595],[73.36080930813148,51.29647442413456],[73.37304688588485,51.274986287033926],[73.29252622667889,51.26305004522638],[73.26375578795809,51.29378889150344],[73.21683500564117,51.281246154834065],[73.1985015990537,51.2290230022783],[73.24282836176917,51.21882628063818],[73.30299376309192,51.1322707927907],[73.2881851216091,51.1095848109845],[73.32855222756737,51.096168483812434],[73.37995147541677,51.165180203073575],[73.43787381938786,51.16316219292859],[73.56996153678604,51.12205121829054],[73.41541288235913,51.03847118367366],[73.14279936970809,50.98443983638041],[73.17765044936361,50.93298339306757],[73.12282561158108,50.91540906660632],[73.0291213860348,50.91168591967458],[72.98840331629494,50.87068175603317],[72.82840727924422,50.91130445752655],[72.76338196667055,50.84433366537203],[72.72572326457306,50.84080504941416],[72.71708679663621,50.825061806766584],[72.740287778185,50.80667876667465],[72.67669675662403,50.754833182337606],[72.52677919407299,50.7533722282668],[72.52046965128288,50.71815869397252],[72.48281859308346,50.728561380208674],[72.43243409186246,50.70074464781874],[72.45664979177121,50.67590334247618],[72.38637542661465,50.634738921261885],[72.49629975018217,50.590690624839944],[72.40666197878407,50.56232450822644],[72.29308318305024,50.60976408374414],[72.25425719927252,50.570026392754336],[72.17846680591565,50.55414583017635],[72.19876861173553,50.46409224675495],[72.13156127295436,50.44993208629333],[72.14326476459543,50.41971586858442],[72.01940154014021,50.47899244290178],[71.8059082094298,50.46676636949756],[71.77611541057368,50.43428419748675],[71.71096801075795,50.451889023895376],[71.80480957297897,50.52998352677466],[71.78737641306992,50.57718660155193],[71.81904602586805,50.60699845340466],[71.81097412117991,50.62781143234719],[71.77967071677011,50.63486099541736],[71.85457612557286,50.693908719037864],[71.74137115417435,50.75762176341299],[71.66309358343074,50.75668719561467],[71.65110779953635,50.79058077217014],[71.58388517825718,50.777072877624924],[71.56964874339116,50.80565643375203],[71.52343751230853,50.799911522687346],[71.52294157584086,50.776214574650716],[71.36878204825388,50.73465348315994],[71.33541107305558,50.64025879104994],[71.26421356336941,50.640960695662244],[71.23207093123337,50.60062028604171],[71.14094543321588,50.60809325852026],[71.06225719086785,50.567414395095376],[71.0839835163309,50.53800188315077],[70.94646453851159,50.479087829039734],[70.87226866993149,50.47823332308631],[70.86108399203042,50.461734787820355],[70.78768157929741,50.455249784613905],[70.77886199996242,50.24691772492512],[70.70179748133388,50.32761763771952],[70.48701477524376,50.26497269547595],[70.54807281907614,50.16337586217013],[70.51352691644638,50.1249542228879],[70.39938354337356,50.11264800672575],[70.17505645839748,50.032459259805556],[70.11026000918797,50.05230331235396],[70.11605834920162,50.124149321386874],[70.20729828085011,50.20779800771915],[70.18391418573978,50.23778152648538],[70.13732910072676,50.229621884440014],[70.10498810173097,50.2844352794862],[69.71170807361217,50.21980286533262],[69.6675186171028,50.22747802923207],[69.6046371422826,50.218536369465966],[69.62522125622831,50.30226517553563],[69.57183075476834,50.306335458631544],[69.54165648617062,50.328781112193276],[69.50404357830995,50.38261031960918],[69.47270964970708,50.38235472331173],[69.44573210997673,50.34793470881309],[69.42446899538226,50.403274538786384],[69.28366852580517,50.35702134779713],[69.32230377219221,50.287155151389534],[69.24346923996096,50.25374222198891],[69.19429778683823,50.25187300752741],[69.16416931143655,50.278953550853835],[69.15687560598882,50.2459754858275],[69.18569183054679,50.22365188099897],[69.17202758436625,50.180389396576764],[69.1451187171571,50.17617417249665],[69.1029815632496,50.19968032033777],[68.97071075302361,50.15800094399764],[68.84472656244498,50.20895385791186],[68.78533172656456,50.210865022157996],[68.76688385239646,50.23765945891163],[68.68145752433574,50.22197342790352],[68.65100098151137,50.25888062425385],[68.72313690431979,50.31216431174217],[68.76439666982105,50.43455124473351],[68.8092269948551,50.47925950084256],[68.78964996938953,50.56380845391104],[68.83772278138632,50.58230972983231],[68.85176086136302,50.80678176372974],[68.5400085611902,50.80045703351287],[68.50684355143183,50.76419827167408],[68.38764191467699,50.733280197493556],[68.16579437697794,50.6320610130883],[68.07553861925761,50.68038174301234],[67.93161772407345,50.657833072653794],[67.87097168782599,50.66799546895804],[67.94157409580177,50.606689450552864],[67.94768525028043,50.55104066594827],[67.82888030096963,50.49511335444038],[67.3985443162419,50.45523453678862],[67.1633148141476,50.36341093987145],[67.02059936370391,50.5008392303045],[67.13272094793095,50.54211044492922],[67.0684890673087,50.645870193114305],[66.98950957939492,50.66501998155112],[66.74211884247494,50.62063981653073],[66.48551179748131,50.676353491376055],[66.4049758802663,50.7131538166713],[66.28690336270881,50.69450374585256],[66.23568725595022,50.825237273896576],[66.16027833232384,50.80140307163789],[66.12989044415018,50.81765366047195],[66.07964326053116,50.80224230093439],[66.08175659767066,50.84116746179138],[66.0466690165082,50.821506521879826],[66.05126189636498,50.86206053528696],[66.04071807618028,50.90217589714731],[65.8604278508992,50.9683761494124],[65.80185699773703,50.83908463071599],[65.60800933938191,50.82205200489654],[65.56908415176446,50.87366100911357],[65.63587950735452,51.068679789991535],[65.42847441745874,51.197616559317126],[65.48370361777384,51.229984292862625],[65.39849092414835,51.298610724441076],[65.53533170038261,51.377555794422136],[65.48686219714016,51.40368273801357],[65.57709504590802,51.55394366233455],[65.48571778998917,51.67091373050642],[65.36093903851392,51.67089464846493],[65.3172378727996,51.78018955212553],[65.48558043288138,51.77330014850353],[65.73697663853363,51.85771182120157],[65.83010861609651,52.12873072055164],[65.94792939899018,52.19305804761545],[65.95619968291781,52.43065650542285],[66.11388397793,52.42655945960704],[66.19357303497489,52.31703956256381],[66.3394775526549,52.35955431769881],[66.52798457917314,52.37720100239625],[66.53820804497543,52.28324515927544],[66.84738156873246,52.282005264727296],[66.94925692075086,52.251087235193346],[67.05490878325664,52.243709624711286],[67.12354280987746,52.267257736292414],[67.32807163449829,52.22278602840139],[67.32236477036741,52.43217461259844],[67.5424575970686,52.4377746887743],[67.60296630748006,52.39346313208693],[67.73756404981128,52.35842506878392],[67.8752899386193,52.286556285421725],[67.93010709267378,52.323581649490244],[67.90938567063634,52.34818647319657],[67.93775942870894,52.38052755268045],[67.9757766390639,52.36146920615506],[68.10063172840323,52.4433822903532],[68.0933914296035,52.476028464013396],[68.02861784597908,52.48723218328334],[68.01222227457907,52.55740353479156],[68.15743255350361,52.552856440280955],[68.1939468178026,52.60545345290961],[68.24008944941727,52.62318808005711],[68.34909057362776,52.613422389537554],[68.37630458903571,52.661720206608614],[68.4082183207079,52.664974094252614],[68.42790218722169,52.72429650489985],[68.49845878448653,52.75133881418813],[68.54028325086666,52.750774473372054],[68.56150058656611,52.789383005026984],[68.59335332303216,52.78772363795306],[68.63822932638745,52.81625358086636],[68.66389460223462,52.808586026570666],[68.75069420483527,52.835235465766715],[68.66695398778927,52.89363469730789],[68.7227096199624,52.88793557120092],[68.68231198794464,52.98579020852978],[68.83628086840208,53.07165154250909],[68.77947237573643,53.118923232465505],[68.81816857918672,53.12711704531758],[68.82581326832481,53.167106582748126],[68.81067663315119,53.202114211545464],[68.74081419496221,53.20613477025709],[68.7536696784518,53.277652629240144],[68.6428832411745,53.28176105940024],[68.61609657314315,53.32226576436717],[68.55996706513413,53.33400349219311],[68.56111151425233,53.366809962530425],[68.48832705273628,53.42737202786417],[68.5135574692237,53.45499045129635],[68.58885185374656,53.46488175982784],[68.59178926485616,53.49036410934178],[68.64537046891171,53.51389691638021],[68.6709441743349,53.49285499984821],[68.70282739148102,53.53126895946605],[68.65411369921823,53.530788293367834],[68.65386196838254,53.57819742162577],[68.80408480296842,53.575870559212326],[68.82514184852724,53.59376515320882],[68.79740898504757,53.611228811029996],[68.81098930216781,53.6271780512992],[68.78007511028544,53.659584112365124],[68.85852055381037,53.65529640868407],[68.86347194325927,53.67689125171659],[68.9629135419414,53.675308280125485],[68.96789548396764,53.64440150667772],[69.10615537579756,53.648410760658805],[69.11072531956845,53.70058807617054],[69.20415493535968,53.695156038452495],[69.21221922599833,53.65367887244745],[69.27281197136128,53.64518370901828],[69.28359992566203,53.61822904069842],[69.31996160939961,53.61384593522527],[69.3403320282473,53.57696532705388],[69.33798222974109,53.533260438094835],[69.4062118023237,53.51968374687152],[69.44120795220914,53.56512081583152],[69.39084620669644,53.57226935864888],[69.37725836272617,53.61636363571107],[69.41985317135354,53.61905281773252],[69.44296269567037,53.668388455860836],[69.4956054783537,53.66360093872372],[69.5195923291742,53.69102485888583],[69.57464600137934,53.69222260459838],[69.60865781735372,53.71575542798724],[69.83267203043884,53.71406157966822],[69.83337408636655,53.66300594174836],[69.88968661413585,53.653091484594086],[69.89308159602714,53.552135344959005],[69.86870574840569,53.521152493151874],[69.90231316097118,53.50815569613353],[69.92613219961603,53.530639643746234],[70.05055235538013,53.51160047150945],[70.12040706116879,53.5243033597748],[70.13273617611608,53.47050089273586],[70.08318326395134,53.457256272303766],[70.0976258166425,53.43256393311933],[70.05065149237684,53.42653264203176],[70.05686191999415,53.39963157688573],[70.01934812659734,53.383609739056254],[70.22161859323553,53.38541020411146],[70.23480232244553,53.399624007359876],[70.2732315591558,53.39974985076451],[70.27590184652588,53.38144693169242],[70.37493892491376,53.30324547241923],[70.38822173733166,53.2559547354409],[70.48876193557662,53.26499563493326],[70.4735260766907,53.33708204382388],[70.56180580721617,53.34040847124874],[70.59686275519473,53.42534249296476],[71.02178188317376,53.42591469733008],[71.01544961038124,53.399662170389],[71.03687294280762,53.39773573499464],[71.01760107102595,53.338207347562815],[71.17858123741418,53.31952667096619],[71.18664552886723,53.30152896783897],[71.28231805569533,53.29803074843193],[71.31796256744755,53.32149491766638],[71.34932715149041,53.321502799519514],[71.37501519247047,53.342960241012975],[71.43459319786223,53.350139612488114],[71.47561654444216,53.386333622839075],[71.57851413987687,53.38483054657898],[71.57550812542868,53.34702302302461],[71.78007503979056,53.21011728168556],[71.74085992063664,53.17420566678688],[71.70854944667293,53.10628118694983],[71.73785392033639,53.05183014424361],[71.67150111676375,53.03410331752586],[71.67211157177204,52.998569596615084],[71.71696477953364,52.96657572492426],[71.73480984907187,52.928565933020245],[72.03537756983664,52.89993679591041],[72.27874752070599,52.90866082155733],[72.33265680392876,52.97987355855493],[72.53318028911583,53.00422677617384],[72.57545475647623,52.9800148788258],[72.67045593645263,53.00204849802938],[72.78600302809045,53.00167831895857],[72.81482701943959,53.03131112978651],[72.85579680560814,53.03102873339669],[72.86885832376008,52.99752423793879],[72.8696746577279,52.92735667587979],[72.91410068518523,52.89936072368509],[72.93137358011523,52.724491091102145],[73.06638342861257,52.75480663565272],[73.26072686542811,52.699226267757986],[73.40041351055797,52.695110316734315],[73.40878304326165,52.65664306136225],[73.48725130502571,52.66228870621831],[73.55818937020501,52.57989498186066],[73.95217898175873,52.559547470608734]],[[71.67035756564391,51.31037533535345],[71.67421765583025,51.31115566666617],[71.67161459907338,51.3165757403566],[71.6973655822025,51.33534476655628],[71.70632383207568,51.34760810308357],[71.68386816771141,51.35094283935122],[71.66781322550787,51.33988424794352],[71.6415416130873,51.33167057992375],[71.67035756564391,51.31037533535345]],[[71.35558283959291,51.297689900194044],[71.3663796157081,51.27120089287297],[71.33500098418337,51.267070670047836],[71.30317930631229,51.23620101197331],[71.27318648228189,51.246745866390974],[71.26774189374692,51.24101038813505],[71.25723828151926,51.24117836492917],[71.23746611469453,51.20962001687263],[71.2427787787274,51.20679572752477],[71.24002298244778,51.201964671971815],[71.244811890608,51.198479931921135],[71.24217475380944,51.197703029101476],[71.25190257994387,51.19032106186002],[71.27250411489376,51.18911762831589],[71.27061711384226,51.18365492632303],[71.28189785713938,51.17933197595294],[71.26538320668297,51.174258112714156],[71.25297499825491,51.17588519209014],[71.25440770190451,51.15815703933019],[71.24276041685586,51.15755833209973],[71.24258150419868,51.15231110799751],[71.23615092424441,51.14955376700556],[71.23979662927673,51.13879538940977],[71.22193450669634,51.09861401278607],[71.24634638614164,51.06825197351567],[71.25395631171648,51.065082022391216],[71.25415019884215,51.0493959977857],[71.28661868180569,51.02242356518515],[71.31847371250369,51.023746923913535],[71.38093070280524,51.012968905362165],[71.3814389099361,51.00858871899791],[71.38178918339283,51.01298036825274],[71.4541933831147,51.000676567737926],[71.46250418735019,51.016587775848706],[71.50155292603868,51.03916410297682],[71.49802813016471,51.04258794243871],[71.50258689024692,51.04546598141089],[71.54770110102591,51.05091090195346],[71.55593779961904,51.048896699274465],[71.60378351365561,51.085779525948105],[71.61513359150257,51.09938028386465],[71.67910931721778,51.0853245326832],[71.68189200968396,51.09122921837721],[71.69393318718993,51.09355417569641],[71.69936468783462,51.08942917691752],[71.70864428528992,51.09319207209743],[71.70673958055816,51.09678536312627],[71.72443430440657,51.10342050835347],[71.73565798292933,51.0965033676359],[71.74232871365389,51.101405925878346],[71.70448097726202,51.11162372668327],[71.71489599423485,51.13138395127089],[71.68896788092444,51.140444063874334],[71.64538581115825,51.139925921144844],[71.62187079894503,51.188579398004],[71.58348469323774,51.202603687206064],[71.5742749099609,51.22038327611793],[71.61879500925309,51.248497808235285],[71.59411880206568,51.277646303895864],[71.55223560607054,51.24294041147154],[71.46954946605265,51.2614037671841],[71.49833531294647,51.28364322444468],[71.49850213577959,51.29010881773023],[71.47588179791443,51.28641209606125],[71.46850460411287,51.278452207770655],[71.45039038623058,51.27160137397125],[71.42813528812184,51.27465457754201],[71.40011191414807,51.26734272676734],[71.38509398854237,51.302328178347665],[71.35558283959291,51.297689900194044]],[[71.76087919085842,51.14572238270861],[71.76613648542381,51.14468537242991],[71.78242401340404,51.15045542534119],[71.7851910967954,51.15732495140319],[71.78511031496281,51.16556902827001],[71.74045336358431,51.16604282939902],[71.74685758913706,51.162145079461595],[71.76087919085842,51.14572238270861]],[[71.30925159022084,51.263848481472024],[71.33622480978353,51.271700518523254],[71.32019519391059,51.29539058847869],[71.30611888329419,51.29096246838061],[71.30787831351364,51.277702825589806],[71.29809360387121,51.272763007332784],[71.30925159022084,51.263848481472024]]]]},"type":"Feature","properties":{"source":"https://simplemaps.com","id":"KZ11","name":"Akmola","code":"akmola","backendName":"Akmola","kind":"region"},"id":1},{"geometry":{"type":"Polygon","coordinates":[[[56.69496796012021,45.15834916188336],[56.56731032579224,45.88345334808978],[56.48475265372413,46.057392116308584],[56.40238190657643,46.171947506669014],[56.425098430847676,46.21238711918298],[56.3085555822254,46.32020944310223],[56.299018866946874,46.45677187096105],[55.705352769574944,46.58531185114845],[55.505279561189596,46.64660650353978],[55.205936426133825,46.859733565001086],[55.14352034892197,47.027275067454255],[54.994232199792634,47.160080018828],[55.070011125776695,47.57384487242503],[55.11099237943188,47.72805008349743],[55.04461291639902,47.80942162756369],[55.02103425133547,47.997055082976416],[54.86221309877665,48.11638631257783],[54.89769368622305,48.206951286651595],[54.8462677350392,48.36521921325379],[54.804550121539926,48.41067109684513],[54.83734892972366,48.567699409197566],[54.86813734398447,48.58279414492511],[54.855697579556754,48.74271759952401],[54.676712091535386,48.75560394235653],[54.673786211127016,48.798122537821456],[54.59814066332847,48.83458313499744],[54.56475828964545,48.79973980683916],[54.501750973737195,48.81065376317539],[54.51139072509938,48.749378311617356],[54.48179242247489,48.66462699895072],[54.37221527675633,48.674362198930126],[54.31398778759082,48.69414917089119],[54.07650376254597,48.713706993743514],[54.112247434510195,48.781528383027855],[54.06891632662432,48.84344865454968],[54.09450154557761,48.90091719245419],[54.024189043787295,49.13063062646156],[53.96786502309082,49.13672265559451],[53.928924586881955,49.06338889511967],[53.868408185580655,49.087436628126326],[53.880897544345935,49.111652435338506],[53.75787737456197,49.14685065347893],[53.68008422623858,49.19527053041761],[53.67042926450367,49.28799447939966],[53.7327270157115,49.43494405715203],[53.69515232087674,49.482891185742496],[53.75686266787684,49.46466453458832],[53.79966351662224,49.53151314003241],[53.87471005421052,49.57612220647352],[53.9682617469674,49.574211196188166],[53.986862172738874,49.62132641947902],[54.19154736917401,49.61251442964103],[54.2941132043418,49.6504403367717],[54.26337810933107,49.67648687936918],[54.333232874192255,49.732696517596246],[54.35803224236455,49.76839832566882],[54.46467211308852,49.76865774763524],[54.40528108093056,49.81375125776916],[54.50089648323238,49.920192795663255],[54.489986461732634,49.94865428433015],[54.535911560064356,50.006576538167806],[54.51742935136452,50.05668639934364],[54.448204040617846,50.07535934300338],[54.44408416635993,50.10464858833353],[54.39525985670103,50.111335753220494],[54.445972440013676,50.21509551226123],[54.39939498664458,50.30311202391436],[54.36249161159992,50.3175811863019],[54.4585952767402,50.401409150902225],[54.496944426783635,50.46812438944571],[54.56121444484029,50.51411437448608],[54.52121422446004,50.53881866372625],[54.56098999578469,50.55139998925511],[54.60814999853558,50.53943999626871],[54.67288927599575,50.600579302104144],[54.72622082828656,50.62881197715957],[54.71203000754852,50.67927001908536],[54.67194000523922,50.73801001322389],[54.655369998110906,50.81051999524426],[54.70630000108386,50.8942400027166],[54.79537999783878,50.87739999458761],[54.82462998537697,50.883549963412214],[54.838700002220165,50.85952000555885],[54.87838998499081,50.83868996241407],[54.89945013797574,50.84369096147183],[54.89764999155896,50.86286997889016],[54.9271622404277,50.8754307792959],[54.99007998931525,50.87915997334181],[55.013979998160046,50.89897999541514],[55.00925999988701,50.91868999971876],[55.05162001239998,50.9320700308364],[55.10303010392958,50.90605945513241],[55.101559509744995,50.8713294436286],[55.06190122322225,50.833907632722344],[55.09711000377989,50.80380000944139],[55.35494999982623,50.65993999956505],[55.373210004269204,50.65556001067564],[55.404039988055395,50.67392997017021],[55.485489985264444,50.67127996325019],[55.50610999258928,50.64039998150123],[55.69265999321783,50.56787998307552],[55.73435000718288,50.609200017879466],[55.9733300008103,50.68512000200216],[56.133119997668544,50.76053999427365],[56.13461000863708,50.83623002114697],[56.18975000196416,50.93275000478505],[56.21071000706959,50.93734001721448],[56.29421000225061,50.9101900054778],[56.355440002527565,50.909920006145306],[56.3836300078579,50.92603001908408],[56.394330009757766,50.97002002365152],[56.47350998860917,50.975999972435105],[56.46349998771852,51.064289970379605],[56.49706802920248,51.08807845299626],[56.527459983825906,51.06890996104292],[56.53647999099645,51.0485799782998],[56.589400003808294,51.030230009176805],[56.63650001277217,50.989850030801456],[56.73151001511042,50.97180003640518],[56.75181000918057,51.005190022080974],[56.731489995826244,51.04016998997162],[56.72873999750129,51.07838999400521],[56.83159000553274,51.08193001324736],[56.903729984689605,51.05356996334469],[56.95794998480758,51.07527996369296],[57.02303998611633,51.0518699668278],[57.18351000729703,51.095260017355145],[57.202450007642994,51.08158001818249],[57.2202900062824,51.043460014963436],[57.291199999211926,51.01719999812299],[57.317069998172215,50.98966999564418],[57.31895999163623,50.954989980041994],[57.35020999944816,50.929489998682214],[57.440929984370975,50.89046996268704],[57.51007001155349,50.87780002756385],[57.53007001508765,50.888880035966935],[57.52029998533197,50.91825996506852],[57.60293000663277,50.943090015756326],[57.65404000871708,50.942980020689916],[57.68171000958592,50.91106002277107],[57.72369998975958,50.922689975703555],[57.73919999610975,50.95800999078524],[57.75429103273245,51.12974033487053],[57.81819000548293,51.1395500128749],[57.871071152327744,51.10339343911319],[57.92647000022303,51.11793000052343],[57.944709214435925,51.094600706654994],[57.99422308700903,51.08845521337845],[58.08907133585874,51.12615932490857],[58.105780008006704,51.079210018753635],[58.180840004651266,51.06821001088484],[58.18155001304775,51.086760030511435],[58.207014584219706,51.0944258164612],[58.218361487756205,51.11514436244218],[58.21424996463379,51.13238984998397],[58.29236126539795,51.160759596354964],[58.326069987101405,51.15209996999025],[58.3717194531829,51.07844038258173],[58.50551998965183,51.08041997592932],[58.565370002552235,51.06102000593513],[58.60432000719131,51.01030001674665],[58.5664900025909,50.94098000605443],[58.573729968207786,50.875460082045684],[58.59881999938194,50.82669999854949],[58.65320999431072,50.815899986657605],[58.74089999068518,50.83683997820583],[58.77932999419058,50.83487998641516],[58.79118998867714,50.82425997351682],[58.77908000300875,50.79229000704758],[58.78729032242544,50.77091985389037],[58.85600001172215,50.750010027470154],[58.87674000805259,50.714680018891755],[58.90867998688161,50.69886996921982],[59.03123999832451,50.7010499960767],[59.21814001591479,50.67650003718038],[59.28030000005485,50.64845000012763],[59.303890001005314,50.66128000234691],[59.38994780153918,50.64818037842543],[59.477859996081484,50.659549990878986],[59.54096999607307,50.604149990848015],[59.51668000406775,50.58429000949153],[59.51827000384517,50.523860008994966],[59.531329511380854,50.51447002404165],[59.830430590604045,50.5830881327126],[59.900595935536586,50.6577012540858],[60.003759992038745,50.82895998175891],[60.033860006127426,50.856380014016096],[60.06899998413643,50.86557996374719],[60.18154135622399,50.84469881049153],[60.191539970992125,50.83575946389091],[60.194229986840384,50.78975996989547],[60.3084699895849,50.69796997612911],[60.345899984530476,50.68122996454168],[60.58463998581694,50.664419967595755],[60.82793000458621,50.661000010437675],[60.927390000822875,50.68350000186795],[61.00797000743052,50.686070016843225],[61.42701001347801,50.79439003020778],[61.450839985230175,50.807319966926855],[61.46630000328819,50.83363000735302],[61.58701929331635,51.24587864297551],[61.675247378142586,51.26459118269279],[61.70494080670859,51.253829979456306],[61.787807465869726,51.26971435690108],[61.85627744808244,51.31579585894451],[61.88857270841282,51.30047229359865],[61.92364119248036,51.252620669672446],[61.98821640311099,51.02080536584621],[62.06639863614944,51.001552615322154],[62.1482086325618,51.06500628790627],[62.29407118569069,51.014217350037306],[62.29311372498721,50.97432331026914],[62.25892256665679,50.96938703129012],[62.230537422208386,50.90219499287721],[62.41075514534517,50.795078252290956],[62.293617252104156,50.74244690587518],[62.3154792710685,50.6917686284022],[62.31773758068543,50.62868118674904],[62.457157140113665,50.65988160333449],[62.550609592620205,50.372432717110286],[62.68693160617373,50.23965834739735],[62.70003127994411,50.19064712262152],[62.9177474625557,49.98844520172327],[62.93954086666972,49.9399147113263],[62.89375305817214,49.83066941708187],[62.740756967897866,49.91143031090838],[62.579212168443604,49.81796641383795],[62.5677947617686,49.712016970866486],[62.41819003883137,49.64744194934578],[62.445671137308416,49.536731848710225],[62.47953029501154,49.50750341920504],[62.36318965895741,49.5316390103333],[62.284538243804136,49.45842355601923],[62.3347549035331,49.42172613220199],[62.518791192432076,49.22568128953424],[62.488342300856125,49.206245459384725],[62.464439406853494,49.21795657801749],[62.31921002467113,49.2015990563773],[62.291423763731885,49.15298453777201],[62.42321020854609,49.16415801960503],[62.49611285555392,49.004665452372784],[62.77227399293007,48.82810586964443],[62.9777107259503,48.908889775617155],[63.084232292261625,48.85203924760249],[63.091575643147074,48.812946367793344],[63.02535250699981,48.75503546902103],[63.06543345632562,48.67098606700861],[63.38022235732225,48.60363396746614],[63.432819362680696,48.55966567209181],[63.59103014463785,48.52273946625536],[63.75353627641858,48.44635022278913],[64.13458247452458,47.96789158351072],[64.22302245806684,47.941707603941154],[64.01389310657007,47.77555460739208],[62.8800239633438,47.206882495490134],[62.80667878327418,47.191009549432884],[62.763454435743874,47.232189174833884],[62.48280337327712,47.26229865552607],[62.52077486777685,47.32569129055621],[62.2104110900021,47.54549793932433],[62.04936222729579,47.74866496706361],[62.01248171331003,47.77206426994126],[61.944034580396256,47.845268261005586],[61.333145095862065,47.826656225275],[60.91116711696688,47.10607139891149],[60.47711180758495,47.128868080917755],[60.447505952148624,46.91426086703494],[60.123462651350465,46.89329140482059],[59.713737493913854,46.632759109944885],[59.62948990253042,46.54205323255539],[59.51343534207133,46.456523835393426],[59.29158402477569,46.22678759383102],[59.01465987273919,45.98866269431197],[59.028877679174926,45.36404886143338],[58.59690999460385,45.59089998478815],[56.69496796012021,45.15834916188336]]]},"type":"Feature","properties":{"source":"https://simplemaps.com","id":"KZ15","name":"Aktobe","code":"aktobe","backendName":"Aktobe","kind":"region"},"id":2},{"geometry":{"type":"Polygon","coordinates":[[[75.82010021507917,42.935437653444566],[75.78668215909839,42.936958382717975],[75.79159545315247,42.96917341746862],[75.71524811718936,42.9571838592928],[75.65517419576665,42.97494874571124],[75.5649337467457,42.97767632179964],[75.56816862065435,42.98914332712848],[75.60910803239426,42.99861159228391],[75.63993070080754,43.042659704027464],[75.5608825977006,43.07410437772507],[75.527412439109,43.07564168780839],[75.45948787752322,43.11239996826074],[75.40258030424677,43.110912423173055],[75.35057068104113,43.135433201727864],[75.33522032020917,43.19485469716513],[75.3045501774181,43.21818543984046],[75.3031235199452,43.26436244110289],[75.27865604201759,43.270671927189156],[75.26585384956651,43.291725084119406],[75.2903213747379,43.37886053095819],[75.40832521364668,43.47948841575066],[75.39000695812297,43.51915345554122],[75.297119133607,43.508762343038235],[75.23517605866871,43.51805489925814],[75.23332981767956,43.554367167471376],[75.18379211432682,43.55503463774998],[75.1837081649536,43.53530114819368],[75.12049105688182,43.55957419333028],[75.0687179094137,43.56222523264476],[75.04318242617086,43.583866241161026],[74.99269102527475,43.60125729016064],[74.98712925694534,43.63699351349442],[75.26084131529169,43.808219785379706],[75.27732854191714,43.84219753386192],[75.2601546779073,43.92918385531277],[75.2678451875059,43.95303733804847],[75.3082961812653,43.98812479546943],[75.31341554879491,44.062965442310016],[75.3033218027242,44.13912192931845],[75.23431394661543,44.16968150746341],[75.13323977705578,44.24951941813322],[75.11090088561537,44.2439422759459],[75.0301284205213,44.30556856291868],[75.00141138779242,44.30485141855464],[74.94580842118472,44.336563133013804],[74.77381893290755,44.362056648037544],[74.53603361762016,44.47956082395741],[74.49942784509687,44.53652965439858],[74.53210446584862,44.64190667895639],[74.51151274974059,44.68445204287562],[74.41984560485497,44.78701787578643],[74.21742245851006,44.863803804196536],[74.19297031769105,44.84225473319024],[74.14723205675185,44.86914444169826],[74.12386321689985,44.86419295599236],[74.11345667539399,44.88189304363077],[74.15959923903354,44.885639044278165],[74.12635806716219,44.90810020741328],[74.1207047033431,44.94007503915536],[74.09156806060308,44.9706536865768],[74.06842040816207,45.11990737486175],[73.8327026386102,45.118743899636634],[73.73207092384341,45.10215377990833],[73.71048736458148,45.2194099397964],[73.74251556401147,45.287445068025676],[74.01451110376779,45.28550337749453],[73.97641754269735,45.330238343565725],[73.8946456755485,45.67001339351912],[73.88944244674335,45.754219061110376],[73.99452971342279,45.87024686353484],[74.00004578835161,45.99999621231563],[74.16105652206552,46.13601303774185],[74.75603483360165,46.52923198742334],[74.98030851651535,46.54803081752143],[75.38419343145397,46.66869738143789],[75.61009219717228,46.69630057963537],[76.22632309636496,46.63166945315254],[76.21109536531353,46.55933787245818],[76.24008646106796,46.46753283227942],[76.19176800879697,46.44820546895804],[76.19661858714774,45.72814802966748],[76.17255298028364,45.68482993414907],[76.18458579669375,45.615039736905594],[76.26881539129968,45.44417399189247],[76.38673680634618,45.38882308116295],[76.487812327503,45.29015414765273],[76.48299920532298,45.258868864482494],[76.52631728399028,45.19148519376126],[76.54797632101906,45.078376879366935],[76.56000912000734,45.073563759500885],[76.56963535978414,45.03265224367791],[76.61535999706702,45.039871924722725],[76.64423871446273,45.02302600505899],[76.72365518854316,45.02783912483812],[76.80788479580563,44.97008171882092],[76.87767508185246,44.87622599771104],[76.83676348350474,44.84975366223471],[76.83917007991138,44.75830446900647],[76.92339967819721,44.65482240697778],[76.92120723928389,44.612869009433965],[76.93614965242006,44.606355593037456],[76.94189680277388,44.58298422394858],[76.93385080333411,44.57110674408554],[77.1065122423179,44.46510532807575],[77.18188466111228,44.44265408551903],[77.1738663242452,44.38011105488745],[77.20433590075511,44.34643380559374],[77.29414126241038,44.35605577164735],[77.29414131655604,44.34803755277692],[77.38073932446797,44.338415467803],[77.37111732992402,44.306342140701716],[77.39036132017402,44.27266508034627],[77.33904403166639,44.219744209250806],[77.35668429819152,44.210122037749066],[77.35187331476163,44.162012054755834],[77.61327121059011,44.070603216177865],[77.6132710809714,44.041736916732496],[77.72552789736349,44.065792131196474],[77.83778459268494,44.01126737293367],[77.77684517990826,43.937498562570234],[77.77844892971721,43.92146206856848],[77.82655889019682,43.91344358995741],[77.85109355337485,43.85071684299065],[77.93224968635352,43.88039055051621],[78.0635616646395,43.86539833764777],[78.18909527343935,43.88081473668137],[78.23449092081665,43.89739763630653],[78.33724697270355,43.89282163417634],[78.34167047458998,43.87955558759457],[78.39222270704859,43.87798500845797],[78.44583887585253,43.85572295661669],[78.4663662757009,43.860673365281926],[78.49937189631434,43.8392400850469],[78.5372413862754,43.849982491947124],[78.63133483900226,43.82369994865423],[78.76052488865923,43.84815454224375],[78.827548830191,43.8377421720949],[78.85483631263646,43.8516486479044],[78.99502447805901,43.854709175049116],[79.02968824232408,43.83150986200328],[79.06009839128387,43.84468880262549],[79.13858560451573,43.83145105555663],[79.19933255192986,43.85261823907241],[79.21850302059543,43.870341849157526],[79.25345391489702,43.862130221141165],[79.29041260399254,43.900545646965824],[79.36323116776026,43.906865812951665],[79.4547005971802,43.953677078120755],[79.50122605046525,43.95281728475315],[79.51795720355977,43.97492375991523],[79.56377344973889,43.97874168532487],[79.67848471580041,43.93250612253487],[79.72382813449981,43.92872762083442],[79.72949596452602,43.89547562413257],[79.7823966313693,43.86638045341604],[79.82396132501712,43.85957882215104],[79.84134303552212,43.8365294636377],[79.8734611787995,43.82330415508314],[79.90369007681934,43.831994939320246],[79.92598389072474,43.82368197187909],[79.91540373975641,43.79912091272541],[79.9467662745937,43.80592250301471],[79.95229930081793,43.8199641471396],[79.97960506798432,43.814636092808406],[79.9975583839034,43.79301285668604],[80.00423811697415,43.81484419251091],[80.04008066297078,43.809630761554864],[80.03861430925754,43.79399023734021],[80.06859172470271,43.80343968467471],[80.08797927868073,43.78095664603705],[80.10361966445602,43.80164757949183],[80.13490046161789,43.78388932213289],[80.179051823603,43.80207138336081],[80.19623162967733,43.76047965084328],[80.22109099280318,43.774469854106734],[80.23056125755959,43.75972656532032],[80.26898019078753,43.757574246805966],[80.28006457102872,43.773178417714036],[80.31686181847277,43.76167203893389],[80.32201405271107,43.777319619112525],[80.41279701327376,43.7851619013612],[80.42009508635594,43.80388908318031],[80.48616760157019,43.78378756470258],[80.51116743360267,43.82116584013779],[80.54007437946748,43.82109941787138],[80.74567005665705,43.45884012137669],[80.73534003991708,43.40890008564001],[80.7099800009053,43.38997000194339],[80.66259002944962,43.30562006341775],[80.67476992942909,43.294699848006495],[80.75876996002033,43.29328991397907],[80.76086997271852,43.26542994125657],[80.79986006444946,43.179760139040084],[80.77721136934917,43.148791582162104],[80.72245995762144,43.132489908363425],[80.6687399985573,43.14753999687924],[80.59309002638851,43.13175005715356],[80.50210006886009,43.07676014954526],[80.40970993270267,43.05729985359751],[80.38876005090283,43.03949011082282],[80.38822005752597,43.008100125358155],[80.4037900610625,42.98605013312514],[80.48273005294628,42.94051011547322],[80.56831051065575,42.924029150710155],[80.5908299873353,42.89566997237874],[80.54901002597745,42.88138005670905],[80.53742008113788,42.89001999390255],[80.51584000121298,42.87620000264946],[80.49948000789823,42.88173001725208],[80.41957000984542,42.84837002154851],[80.42000994883243,42.838310471925595],[80.39808917477853,42.82739047623871],[80.25832995451887,42.82842990019455],[80.21866003101226,42.70463006834775],[80.1829799969164,42.67919999319557],[80.16732997379567,42.63658994208784],[80.1776799848051,42.59669996638047],[80.20985999499203,42.547549988906404],[80.27753000103078,42.51579000228355],[80.21661002496934,42.48375005541957],[80.20853001322804,42.427730029416296],[80.22962002935054,42.40614006529893],[80.22815997340997,42.35165003754761],[80.27518997626007,42.32678994707375],[80.26310001572718,42.29686003510231],[80.28901998125636,42.2601299581257],[80.2785682270577,42.234949498868545],[80.24562879602081,42.22088996745249],[80.19716997409667,42.23136994200749],[80.12630996716857,42.20204992635834],[80.1116599771006,42.222649948662934],[80.11808998217607,42.278969960120946],[80.08476002055225,42.32836004592573],[80.02263999353285,42.34693998554638],[79.9825699790806,42.37527995326691],[79.93941999325533,42.43559998495437],[79.87995998783697,42.438609972849974],[79.85723000565602,42.42080001263598],[79.84232001227744,42.44389002741306],[79.7578300275594,42.45156006158481],[79.74542071371455,42.46561732453183],[79.66381997057823,42.47697993423016],[79.61553001211608,42.451670027122894],[79.50945000633975,42.45637001420907],[79.48415001516487,42.487600033964284],[79.39411996715623,42.54102992648354],[79.37022006695204,42.58044014971843],[79.29852129721026,42.62013579376389],[79.25970141594804,42.625901335661226],[79.20504434966504,42.668128710984014],[79.17018351044509,42.73244662330474],[79.17000542078176,42.75501924633513],[79.1992734086994,42.8040315620282],[79.03402525527432,42.75874072402033],[79.02298799619429,42.7771679915048],[78.93048800986166,42.77426802204085],[78.86570900305367,42.80070400682483],[78.85189303639933,42.79491808138359],[78.79958399556735,42.80947499008685],[78.78655396072693,42.800597912133284],[78.77435898410643,42.81506896445078],[78.70954896626854,42.82611392451653],[78.66415303973463,42.81488108899838],[78.64188594237301,42.84236187099675],[78.61300693928145,42.85474886407689],[78.58877193886617,42.847489863074955],[78.4957169525042,42.90034489366415],[78.43088393912596,42.87879686351168],[78.370534989909,42.88698097736223],[78.34880799037376,42.85484797837824],[78.27277198043699,42.86347495602771],[78.23910897617941,42.87871294645987],[78.21549795292187,42.86961989412365],[78.19782902991929,42.881989067276855],[78.16960404738784,42.85989310666619],[78.11666701680075,42.86458803783741],[78.0917589926502,42.84935598343392],[78.0526619622019,42.8474409147597],[78.03498403173809,42.865238071551516],[78.00251513071208,42.870550261442396],[77.96812194717175,42.85081988074739],[77.94313494262785,42.85999587048502],[77.93401501437066,42.88162603242374],[77.91112103478912,42.8707320785415],[77.8734749418218,42.88836593940695],[77.82376004598628,42.88443910389434],[77.7806509921405,42.914753982249664],[77.69699303322146,42.903906075133804],[77.67044497698606,42.91795494795513],[77.5810409364528,42.91551385611523],[77.55252301783442,42.94110704036493],[77.48526500047869,42.92463700108494],[77.47215994270573,42.939323870183486],[77.35050096787866,42.89851292701637],[77.30201300463322,42.91654101052816],[77.29550295333573,42.90751289392655],[77.22492896753623,42.91409992615281],[77.2232349942431,42.92774498690945],[77.17990700461786,42.94699301050007],[77.15676498216422,42.94442495942888],[77.1538297288714,42.961469848742105],[77.04281994926677,42.96104988448347],[76.92913000122454,42.98330000279058],[76.84622494874635,42.982544883074034],[76.80259996046705,42.95095990967736],[76.75546006106286,42.945910139619535],[76.72324004549273,42.905180104188915],[76.5140800133989,42.91873003075814],[76.48538002633825,42.88887006053764],[76.34707997766697,42.86552994853869],[76.31544996085353,42.87089990977313],[76.29964003730964,42.90562008592077],[76.26845993879643,42.919209859052806],[76.13435999476657,42.923479987927514],[76.03546995150651,42.909919887949556],[75.9271199927857,42.954439983328434],[75.82010021507917,42.935437653444566]],[[76.96569814337998,43.380033011782345],[76.92919958677606,43.379821770201524],[76.91682963325654,43.357656874996],[76.88030799049439,43.3278103785361],[76.87519696686377,43.34652842521131],[76.86579045047196,43.34689761392798],[76.85714459406866,43.33323448660453],[76.85103740038046,43.336515400858744],[76.85586594627269,43.34275620447389],[76.85052714159713,43.35410126816953],[76.8133889203337,43.35469934591985],[76.80101474789153,43.32937168222189],[76.77239603655411,43.3167517564933],[76.73827747996192,43.31445095465305],[76.75456003456937,43.30427917823624],[76.75412110766665,43.2969491173542],[76.7811015008919,43.289177302018295],[76.78532170215651,43.281601904881335],[76.79176889048664,43.28856287847034],[76.79808353801793,43.282451859718805],[76.79964365549964,43.27435772563515],[76.78642763288482,43.26615327447131],[76.79343681064388,43.2503969241126],[76.77576467527496,43.24954094397338],[76.78588416427934,43.23223241902884],[76.76955452593742,43.23036625880998],[76.78063546579659,43.21820034921504],[76.77188046305801,43.218034216211606],[76.7786183659552,43.19971644965672],[76.79127734135218,43.190048066909476],[76.7931698064828,43.16739631472045],[76.77654364081866,43.15932736555619],[76.7980933384952,43.15464158743752],[76.79957694622037,43.146366905007234],[76.80842268218903,43.146565259540274],[76.80807015245016,43.13573741918337],[76.83568390798831,43.1338905181462],[76.83424114555217,43.12317310351129],[76.8503101413564,43.12254886676563],[76.85285903022162,43.13483206863467],[76.8951547725,43.126094737564436],[76.90535249750245,43.08014779432281],[76.93702594211999,43.08503569568891],[76.9623528499504,43.07781108630979],[76.96760863335882,43.06926434859424],[76.96371902129768,43.05923434840352],[76.93678054937503,43.04432891230372],[76.94347916445493,43.033770846635605],[76.96651501136132,43.04961822582743],[77.07718438941521,43.034066175961314],[77.08963204957263,43.070937912442716],[77.08009089815924,43.115391195829076],[77.11372451172738,43.10993502656217],[77.12124560392304,43.11743240888263],[77.11323263303984,43.11386074835159],[77.07907854700758,43.132155879995366],[77.06293714074677,43.14491119225941],[77.06675393827473,43.151411586641416],[77.06022557978635,43.16005235424996],[77.07009696364373,43.16509931773646],[77.11707255393695,43.15164249579676],[77.12221718146505,43.16683955809128],[77.13489102187488,43.166537449452534],[77.14701373583223,43.17815828096681],[77.14596438996348,43.1896482773279],[77.11965459352318,43.20407378537009],[77.11337868945157,43.199261276168365],[77.11397545651346,43.181591101704626],[77.09860770529141,43.176053511964334],[77.09685059050612,43.183980978536894],[77.06880964520657,43.19692730219848],[77.0320673052069,43.24859611175942],[77.00464652022903,43.26268694568559],[77.01494806172357,43.26640523936454],[77.01016814869385,43.290487709878526],[77.04071856477945,43.310190546038534],[77.02583443535693,43.31959825427836],[77.04110079220158,43.33784938243235],[77.03185526162261,43.34675973879861],[77.04735874331837,43.348681472362436],[77.04471702987051,43.35314586725691],[77.10238015498847,43.384114498811485],[77.07757747089059,43.37134753451659],[77.06785264473433,43.37443910063647],[77.04484023645954,43.36294985696911],[77.01154246727538,43.35977345151672],[77.01611115278439,43.38606591878828],[76.98733785039273,43.40368478837288],[76.96569814337998,43.380033011782345]],[[77.13132045973393,43.3601676094548],[77.14293284232038,43.34331957025749],[77.13946106235089,43.3441136402527],[77.1370165296665,43.33931606674286],[77.14623694128517,43.3331002678974],[77.16675394477213,43.34484410067373],[77.16059763218223,43.35886917234206],[77.15331782164739,43.35778744866697],[77.1422442369412,43.366258383042656],[77.14275234034812,43.36220536589003],[77.13168548146378,43.36719615832623],[77.12734053395873,43.36453167635643],[77.13132045973393,43.3601676094548]]]},"type":"Feature","properties":{"source":"https://simplemaps.com","id":"KZ19","name":"Almaty","code":"almaty-region","backendName":"Almaty","kind":"region"},"id":3},{"geometry":{"type":"MultiPolygon","coordinates":[[[[76.9655293593967,43.379865296916755],[76.98733785039273,43.40368478837288],[77.01611115278439,43.38606591878828],[77.01154246727538,43.35977345151672],[77.04484023645954,43.36294985696911],[77.06785264473433,43.37443910063647],[77.07757747089059,43.37134753451659],[77.10238015498847,43.384114498811485],[77.04471702987051,43.35314586725691],[77.04735874331837,43.348681472362436],[77.03185526162261,43.34675973879861],[77.04110079220158,43.33784938243235],[77.02583443535693,43.31959825427836],[77.04071856477945,43.310190546038534],[77.01016814869385,43.290487709878526],[77.01494806172357,43.26640523936454],[77.00464652022903,43.26268694568559],[77.0320673052069,43.24859611175942],[77.06880964520657,43.19692730219848],[77.09685059050612,43.183980978536894],[77.09860770529141,43.176053511964334],[77.11397545651346,43.181591101704626],[77.11337868945157,43.199261276168365],[77.11965459352318,43.20407378537009],[77.14596438996348,43.1896482773279],[77.14701373583223,43.17815828096681],[77.13489102187488,43.166537449452534],[77.12221718146505,43.16683955809128],[77.11707255393695,43.15164249579676],[77.07009696364373,43.16509931773646],[77.06022557978635,43.16005235424996],[77.06675393827473,43.151411586641416],[77.06293714074677,43.14491119225941],[77.07907854700758,43.132155879995366],[77.11323263303984,43.11386074835159],[77.12124560392304,43.11743240888263],[77.11372451172738,43.10993502656217],[77.08009089815924,43.115391195829076],[77.08963204957263,43.070937912442716],[77.07718438941521,43.034066175961314],[76.96651501136132,43.04961822582743],[76.94347916445493,43.033770846635605],[76.93678054937503,43.04432891230372],[76.96371902129768,43.05923434840352],[76.96760863335882,43.06926434859424],[76.9623528499504,43.07781108630979],[76.93702594211999,43.08503569568891],[76.90535249750245,43.08014779432281],[76.8951547725,43.126094737564436],[76.85285903022162,43.13483206863467],[76.8503101413564,43.12254886676563],[76.83424114555217,43.12317310351129],[76.83568390798831,43.1338905181462],[76.80807015245016,43.13573741918337],[76.80842268218903,43.146565259540274],[76.79957694622037,43.146366905007234],[76.7980933384952,43.15464158743752],[76.77654364081866,43.15932736555619],[76.7931698064828,43.16739631472045],[76.79127734135218,43.190048066909476],[76.7786183659552,43.19971644965672],[76.77188046305801,43.218034216211606],[76.78063546579659,43.21820034921504],[76.76955452593742,43.23036625880998],[76.78588416427934,43.23223241902884],[76.77576467527496,43.24954094397338],[76.79343681064388,43.2503969241126],[76.78642763288482,43.26615327447131],[76.79964365549964,43.27435772563515],[76.79808353801793,43.282451859718805],[76.79176889048664,43.28856287847034],[76.78532170215651,43.281601904881335],[76.7811015008919,43.289177302018295],[76.75412110766665,43.2969491173542],[76.75456003456937,43.30427917823624],[76.73827747996192,43.31445095465305],[76.77239603655411,43.3167517564933],[76.80101474789153,43.32937168222189],[76.8133889203337,43.35469934591985],[76.85052714159713,43.35410126816953],[76.85586594627269,43.34275620447389],[76.85103740038046,43.336515400858744],[76.85714459406866,43.33323448660453],[76.86579045047196,43.34689761392798],[76.87519696686377,43.34652842521131],[76.88030799049439,43.3278103785361],[76.91682963325654,43.357656874996],[76.92919958677606,43.379821770201524],[76.9655293593967,43.379865296916755]]],[[[77.13132045973393,43.3601676094548],[77.12734053395873,43.36453167635643],[77.13168548146378,43.36719615832623],[77.14275234034812,43.36220536589003],[77.1422442369412,43.366258383042656],[77.15331782164739,43.35778744866697],[77.16059763218223,43.35886917234206],[77.16675394477213,43.34484410067373],[77.14623694128517,43.3331002678974],[77.1370165296665,43.33931606674286],[77.13946106235089,43.3441136402527],[77.14293284232038,43.34331957025749],[77.13132045973393,43.3601676094548]]]]},"type":"Feature","properties":{"source":"https://simplemaps.com","id":"KZ75","name":"Almaty (city)","code":"almaty-city","backendName":"Almaty (city)","kind":"city"},"id":4},{"geometry":{"type":"MultiPolygon","coordinates":[[[[53.68008422623858,49.19527053041761],[53.75787737456197,49.14685065347893],[53.880897544345935,49.111652435338506],[53.868408185580655,49.087436628126326],[53.928924586881955,49.06338889511967],[53.96786502309082,49.13672265559451],[54.024189043787295,49.13063062646156],[54.09450154557761,48.90091719245419],[54.06891632662432,48.84344865454968],[54.112247434510195,48.781528383027855],[54.07650376254597,48.713706993743514],[54.31398778759082,48.69414917089119],[54.37221527675633,48.674362198930126],[54.48179242247489,48.66462699895072],[54.51139072509938,48.749378311617356],[54.501750973737195,48.81065376317539],[54.56475828964545,48.79973980683916],[54.59814066332847,48.83458313499744],[54.673786211127016,48.798122537821456],[54.676712091535386,48.75560394235653],[54.855697579556754,48.74271759952401],[54.86813734398447,48.58279414492511],[54.83734892972366,48.567699409197566],[54.804550121539926,48.41067109684513],[54.8462677350392,48.36521921325379],[54.89769368622305,48.206951286651595],[54.86221309877665,48.11638631257783],[55.02103425133547,47.997055082976416],[55.04461291639902,47.80942162756369],[55.11099237943188,47.72805008349743],[55.070011125776695,47.57384487242503],[54.994232199792634,47.160080018828],[55.14352034892197,47.027275067454255],[55.205936426133825,46.859733565001086],[55.505279561189596,46.64660650353978],[55.705352769574944,46.58531185114845],[56.299018866946874,46.45677187096105],[56.3085555822254,46.32020944310223],[56.425098430847676,46.21238711918298],[56.40238190657643,46.171947506669014],[56.48475265372413,46.057392116308584],[56.39457322240388,46.092571289122844],[56.3198318580475,46.08806994513305],[56.271991737757105,46.120525382492815],[56.202308660713655,46.0946769875985],[56.093441016797726,46.12073900277342],[56.07153702013791,46.174495703212735],[56.0279045083049,46.188613887071185],[55.974952709321656,46.167488130965026],[55.84980011527316,46.204067245373864],[55.83211136071057,46.23955154898429],[55.85066985867952,46.29135131124956],[55.813693984620244,46.368381455319394],[55.76337049459142,46.372352543570535],[55.69517516208375,46.340122197022374],[55.63005066851306,46.36735537472843],[55.50451278443653,46.49076842553515],[55.27149962170263,46.33110424288848],[55.15982436542625,46.34664533860547],[54.76145553786368,46.32606888352434],[54.56359481459539,46.27798460885881],[54.41530991460303,46.27910616569447],[54.31961058535992,46.252063719143166],[54.12192536306801,46.23748782025893],[54.100971231783994,46.216217070438546],[53.94783020387277,46.23483277568028],[53.96143341901485,46.186603570195594],[53.90489578901097,46.11721803922394],[53.67850875438034,46.00153730891655],[53.767326360003224,45.98649980123324],[53.620262135468714,45.89335629077689],[53.296985616926314,45.806694003012595],[53.180820475893825,45.82221606766323],[53.152557370912554,45.75090026253513],[52.84195668345934,45.75643972388907],[52.79648195961169,45.782633730425104],[52.854693234140846,45.7873512254331],[52.81637876796286,45.79674812386498],[52.813864202023986,45.82985010962977],[52.83480914398482,45.83616602417092],[52.83148911100471,45.85272679082267],[52.84152448038788,45.85833220245323],[52.91898507429012,45.863888546128635],[52.878195308146516,45.88042310072925],[52.87149306622723,45.89538285570436],[52.92573643530009,45.91246102211179],[52.85939497225192,45.98086518926719],[52.91226621511863,45.98797665466392],[52.926525507562154,46.00655442137855],[52.82378488872147,46.06403282651127],[52.822230460380744,46.07736886403829],[52.84146881555071,46.09020641570855],[52.87709517843534,46.09263258128825],[52.82332332061561,46.119291015347265],[52.832127576748796,46.14546804127217],[52.860373938998926,46.16056529932629],[52.904359304775284,46.15655120812253],[52.88837814541183,46.17522394890428],[52.90372411558404,46.18250564667323],[52.87921685854179,46.19708881258812],[52.91419822108617,46.210404945186774],[52.93917697219348,46.238936146472085],[52.95936567419316,46.22292272939841],[52.962734419940034,46.250903618634176],[52.933050950701016,46.26341719665412],[52.972321457374804,46.32123262230687],[52.976073701975444,46.34841169917163],[53.03794916304505,46.39461035657786],[53.06596293523116,46.400971970837624],[53.03739918040013,46.41376104671239],[53.07507176736254,46.422188538971305],[52.99057829609914,46.47914966189442],[53.005020696149685,46.53317688654138],[52.99333186864778,46.56936313001695],[53.03075903296901,46.594688924122764],[52.99093846521914,46.605130352706745],[53.004945389087005,46.62840971247049],[52.9851334836792,46.67785301316486],[52.91007927956221,46.67374078331425],[52.93964516169063,46.69379849870877],[52.88798875124537,46.717709343725154],[52.89647179056916,46.74219410662376],[52.91532453644098,46.75209854062884],[52.91017424296424,46.76547682498569],[52.876178406987535,46.77304341156786],[52.85207387480981,46.74579564258052],[52.794923077203265,46.71973325795517],[52.77563160915464,46.69598236915016],[52.774475804447185,46.670577942172976],[52.75760705025858,46.671665117440895],[52.74000533801302,46.680354819900494],[52.73334733517015,46.708927474518376],[52.75053501697884,46.72948380481221],[52.74427475726009,46.74465955553378],[52.726109196043105,46.75270083343618],[52.6837547935075,46.738189768170415],[52.69439587201121,46.7735181522973],[52.62613905788278,46.80562816057719],[52.67079541161164,46.82459227075621],[52.661837441616804,46.83325238919454],[52.66678145567903,46.85017663340713],[52.632232296789006,46.87456273070144],[52.48371543880345,46.85461312549789],[52.421997133082876,46.817850639694925],[52.409558522654805,46.81911121061515],[52.39748333266904,46.843068359043556],[52.36888010992067,46.84951856709077],[52.34172073654165,46.764062312431854],[52.30012229350415,46.74593980309599],[52.256346500733265,46.74584814832006],[52.1822812217011,46.77392088405674],[52.08340096855561,46.78646431463181],[52.010085517268735,46.814474962545454],[51.95734826544144,46.81071942261184],[51.850822798384804,46.84722002944606],[51.742241118583394,46.853201912696285],[51.70430319894456,46.8720023071994],[51.710514319795486,46.8337533237501],[51.773738736230854,46.793202534279494],[51.770287180632394,46.752369672049056],[51.7490841631386,46.725233841914104],[51.73156728603139,46.757716963678284],[51.740482896510855,46.787292688681056],[51.70125887477598,46.80457355631972],[51.67599464910498,46.8308524595834],[51.65163146620257,46.89307498960227],[51.559453430298035,46.84056362234188],[51.542316616198136,46.84312763753369],[51.59419240149709,46.872401935282845],[51.6293109880424,46.94509499062759],[51.583382835398226,46.92833046103745],[51.54626523816652,46.89739702396601],[51.5678412928643,46.93780060115163],[51.51065503969716,46.983131293723396],[51.37997920742353,47.00944590761043],[51.29917894279438,47.00443633109877],[51.249545660971286,47.01562102062482],[51.206660401885216,47.00880733743572],[51.105540596265364,46.95934428952737],[51.09793140842771,46.93371075197268],[51.01659749822476,46.9313632289945],[50.91302205178013,46.95815583810924],[50.86568067092616,46.950507360998195],[50.82358450767447,46.920437225699494],[50.79039412579166,46.92262107575535],[50.71753050445695,46.84630319895595],[50.688586763649276,46.85231793051931],[50.69447373848923,46.892593623694644],[50.66701644211753,46.892534643364556],[50.60868737722451,46.85265226470508],[50.60167691793029,46.8158959889208],[50.562353968837975,46.75754669771688],[50.534127286417515,46.77106262010253],[50.54055077144603,46.80878093780995],[50.49227969056813,46.79025611996152],[50.48276849218022,46.83151340592902],[50.45811386469953,46.85718001580599],[50.380545262647786,46.76628226924563],[50.361034493597245,46.775306266663705],[50.36951410600246,46.80669827720015],[50.329605536269,46.79539950272283],[50.31444611632156,46.781641514941526],[50.323698929954354,46.77326281785446],[50.28983079558503,46.75422998353227],[50.2344742070235,46.666927189844294],[50.221191108601886,46.67761709310581],[50.217209427780794,46.750186962997624],[50.119638885102304,46.686313705818385],[50.04763310686476,46.612114250595106],[50.03545684073147,46.58138628613469],[49.966852493030224,46.5941880457738],[49.930781239948054,46.58231281475351],[49.89086209175454,46.53897188505804],[49.89601558382557,46.50514995967302],[49.83909066410362,46.46600054937611],[49.7684403960843,46.49121177476812],[49.78137994614017,46.46360710946687],[49.773796961841995,46.44200433111981],[49.822261353515415,46.4148644140562],[49.77398703658717,46.416053214326205],[49.81590619512352,46.392501756148384],[49.82729051666749,46.36612165913697],[49.71425597612748,46.399050131192354],[49.68818040414186,46.36932058783092],[49.64496774815441,46.37935262891257],[49.63557426515371,46.35027406247721],[49.64879526336814,46.33322595778305],[49.6303288718862,46.319808329474185],[49.56594545245817,46.372326013265855],[49.589683204861196,46.31475304999639],[49.619658318112705,46.29378187170854],[49.61884634141103,46.269952449175214],[49.4469911346568,46.3461066456847],[49.4263696765053,46.33369792881555],[49.38489628538152,46.37957530409963],[49.381304507757314,46.40340806504499],[49.39200453216129,46.41590888936497],[49.42410110246845,46.40956355966],[49.383246092699224,46.4409399887369],[49.37994899132148,46.461544405225794],[49.30548100599933,46.47199227680346],[49.29771503454575,46.46781799811977],[49.31596457099485,46.45307129735013],[49.34501674807287,46.445995299725524],[49.35636507846063,46.38800961734742],[49.40882075488917,46.3482019251674],[49.40717036166238,46.319144254388206],[49.434915922192566,46.3013255650616],[49.42710049126145,46.28500062746139],[49.389866497686455,46.27165831788011],[49.35900405822435,46.28826165873872],[49.34973811943486,46.352798888216405],[49.336251486225606,46.35650925814681],[49.34168648912326,46.36654368291202],[49.31218982861709,46.416557201866375],[49.22315175798471,46.46858069137273],[49.203513881779976,46.471000244338875],[49.20646325725714,46.45868284001816],[49.177640607640036,46.46800759748845],[49.20105417723194,46.43373049541445],[49.22669111271855,46.425714997451266],[49.2301584700493,46.439070380274345],[49.242079850398916,46.43293091571522],[49.26364353770284,46.406312260599094],[49.26693408200035,46.37928714525921],[49.20119834904028,46.41399018609106],[49.21837475246965,46.377512957106205],[49.194797319524874,46.37096085551793],[49.19697795568231,46.39379185182691],[49.158241077914134,46.42726366296941],[49.170800840318016,46.43899506850801],[49.15000980482321,46.452019804959285],[49.12731978902197,46.44770112759176],[49.139859862381066,46.428917247377],[49.1249132211734,46.42258823923478],[49.19630017533899,46.36055228233788],[49.19339599385309,46.35221954908549],[49.0388800083618,46.39222002763086],[49.020594794011764,46.41181628230543],[48.90171001546174,46.449920051157356],[48.859710002494836,46.477860008255384],[48.82486998732828,46.475859958035926],[48.77588054216521,46.535889031581654],[48.67262958852269,46.56230033733052],[48.63850998535096,46.608969951478066],[48.61738000712399,46.59965002361278],[48.55868999600436,46.60827998674275],[48.5430799842862,46.619549947864144],[48.54366008379077,46.64510992890671],[48.48071002301562,46.6576800763794],[48.5114999975347,46.733219991840855],[48.58123002314336,46.773940076394624],[48.65697002099711,46.77126006920694],[48.68827018652203,46.75463929339053],[48.69463998123202,46.725689938107806],[48.751350000448966,46.68788000148014],[48.80090000388805,46.68408001280869],[48.91405999352397,46.69313997871973],[48.95590998841401,46.71692996198653],[49.00532001555218,46.76715005090187],[48.97095001625251,46.83513005312766],[48.781329978387475,47.01087992943852],[48.73364000362835,47.08672001183034],[48.643239977043976,47.25158992538742],[48.60775866207661,47.41445988041025],[48.47304001966031,47.41613006379336],[48.38068999730995,47.43358999125968],[48.27783998293479,47.545509944634304],[48.18231002988249,47.678040096716806],[48.05233996820631,47.762729897110695],[47.6872513515019,47.74502986054308],[47.408231389367955,47.81502999500721],[47.399499959928924,47.73280986840536],[47.37697001742579,47.67624005736209],[47.17431001986294,47.76075006548001],[47.11543998830488,47.81557996146931],[47.161869984559154,47.83683994921546],[47.01765014170419,47.999999925169554],[47.13941876040526,48.03993950267282],[47.15959998706572,48.060549957786534],[47.19621999566019,48.058289985846045],[47.207800001592716,48.07840000518976],[47.09711996837283,48.104909896804365],[47.0949899737267,48.12308991432506],[47.11870001297788,48.15591004224831],[47.1066999599927,48.202439869942815],[47.037560036591415,48.22892011901365],[46.93742330905249,48.314159597049645],[47.152067727900615,48.26600978404747],[47.31799320755119,48.2137757758882],[47.822498347606924,48.14879234915555],[48.69252017509039,48.06234370158906],[48.96946713355131,48.012615111285264],[49.46663281817885,47.89454261632103],[49.45584489308701,48.001518293931404],[49.772136647725944,47.996723050178524],[49.826473241006674,48.03275682048022],[49.99971011740538,48.033615218009516],[50.19829179650917,48.178314262460034],[50.747726472366686,48.44031152882233],[50.810699494200435,48.43947229122089],[50.90651702668853,48.49935530912199],[50.94629673008975,48.4902497472871],[51.037876173461385,48.527141702817296],[51.09116362248022,48.643142663083],[51.29934313304395,48.65774924657023],[51.41611480920377,48.696533209443544],[51.84514614835868,48.650401979987016],[51.87007517768869,48.61538300753554],[51.83317947221723,48.59954070480978],[52.143363914867486,48.47288502111704],[52.18575291453672,48.51598752809182],[52.22327039351229,48.52159112182866],[52.446189906719134,48.440322953339674],[52.54969782614987,48.43918976698385],[52.61803441566224,48.46957031177012],[52.599002815721185,48.51576607988102],[52.665782931834215,48.70911789993994],[52.79020692277174,48.71074298919945],[52.77195354207062,48.948875311539],[52.85926056374615,48.92668534637856],[52.91777039432289,49.01458361135261],[52.97976299536456,48.99481572604991],[53.327480298576575,48.990451764441374],[53.47944254394029,49.02155670950226],[53.45829009276362,49.057388285935325],[53.68008422623858,49.19527053041761]]],[[[52.69084013039757,45.974385576451255],[52.68307378047123,45.96907160244171],[52.672550559169295,45.970852747180736],[52.66689930799925,45.98647054302279],[52.67024879813737,45.99467565078145],[52.685974689730855,46.00345373163424],[52.70032871640402,46.00184943541108],[52.703969586235,45.99170596288418],[52.69084013039757,45.974385576451255]]],[[[52.77471156074439,46.01311589240646],[52.75819340105961,46.015659871986664],[52.75328859327889,46.02987300561453],[52.76521642670471,46.03207009838166],[52.760865026249235,46.04981938959577],[52.76833998819763,46.064602338129454],[52.79009365356195,46.06951362883373],[52.79556808442991,46.06172108152005],[52.79112501790298,46.046047565602365],[52.7939408222965,46.03194569669687],[52.788076758986705,46.0219790732543],[52.77471156074439,46.01311589240646]]],[[[52.615406283940224,46.053375223090114],[52.600921299455024,46.05310671684201],[52.59870853609605,46.0575404285283],[52.613742984289416,46.070423835477875],[52.62798568526177,46.07624864685088],[52.63532312167019,46.0739141447012],[52.63608599910817,46.06610847633571],[52.624040188465905,46.06203525302441],[52.615406283940224,46.053375223090114]]],[[[49.58407453931134,46.127964318185015],[49.58233943857606,46.12438933992497],[49.577254420841996,46.12605219793408],[49.56539206027073,46.13751182018082],[49.56911807629833,46.141205089691034],[49.5807447151253,46.136188968108186],[49.58407453931134,46.127964318185015]]],[[[49.571269213407945,46.22212647733899],[49.55678095122267,46.21972646560186],[49.55007872177053,46.227447045519895],[49.554299127385406,46.232489240563936],[49.57271312746972,46.23169036054115],[49.57524060099637,46.22786966549851],[49.571269213407945,46.22212647733899]]],[[[49.703330172126456,46.24614276332317],[49.72088947299714,46.24645694770481],[49.73586878815918,46.2279120501567],[49.72887181172531,46.22464430787358],[49.710238974174345,46.22640245439161],[49.706866137513465,46.23417216022034],[49.69197521407916,46.24237410599059],[49.69371704648923,46.24594945460681],[49.703330172126456,46.24614276332317]]],[[[49.518348561721574,46.23312440630026],[49.51134514594583,46.22685764710049],[49.49006982255225,46.231483953482154],[49.47315837165433,46.24826096484966],[49.465447673873,46.26750986900359],[49.47887838119196,46.2692910766293],[49.495399897964774,46.26057193188037],[49.518348561721574,46.23312440630026]]],[[[49.625580572286545,46.30339465911944],[49.60755040976555,46.311554171412304],[49.59963673485577,46.324431591166146],[49.60914167408601,46.32223786473296],[49.625580572286545,46.30339465911944]]],[[[49.26357805437738,46.346191750829206],[49.261475519721934,46.34217128425696],[49.25289473614144,46.34538608964301],[49.251679693319,46.337416985178464],[49.265719441488436,46.323819180207565],[49.287558166954206,46.323793113666234],[49.29393298213997,46.31862967757953],[49.29642137771074,46.29646680777222],[49.293402572830765,46.290203267219034],[49.27388518859885,46.29607062813052],[49.25630611131234,46.3105523334821],[49.2349256959079,46.33257443028878],[49.22915005797181,46.34917458451923],[49.21846008525646,46.35731433216149],[49.22813177573434,46.36093212818528],[49.26357805437738,46.346191750829206]]],[[[49.6771366004206,46.33207026018139],[49.65702654915012,46.33341256873406],[49.64513474427564,46.35271393477262],[49.654868880794396,46.365018296391426],[49.664357315162555,46.36468429792028],[49.687109740677634,46.349177804742375],[49.688249162846354,46.3419975491526],[49.6771366004206,46.33207026018139]]],[[[49.81983194021897,46.2060535217155],[49.81238971760765,46.201895283564276],[49.796833955224415,46.204410054843805],[49.77414074441066,46.238330402610465],[49.76617801928765,46.24361488864912],[49.76585030783915,46.24914511758332],[49.75572358172514,46.25294627195271],[49.764125021512854,46.25957982387285],[49.75161108438375,46.2848695429293],[49.73618317973211,46.30251749664131],[49.73098375424184,46.331055175416154],[49.70789424731568,46.34845095513992],[49.7042337209516,46.3566986420539],[49.709878338385636,46.36234325077499],[49.72558465820907,46.36626580964098],[49.78009649763933,46.35118492974004],[49.80361165892483,46.33742679885473],[49.82942858404605,46.312732952324104],[49.831307924229286,46.30090975455479],[49.84263006341941,46.28509552962753],[49.84657218017252,46.268557650607626],[49.82984438596171,46.23968591213957],[49.81983194021897,46.2060535217155]]],[[[49.30342456367722,46.34726591758231],[49.3013457453999,46.343474223681135],[49.29656216337064,46.345111300422396],[49.27840024718457,46.36926154692901],[49.277319782435974,46.38332093112016],[49.28317728268944,46.39126733608072],[49.28988939271234,46.39205654238139],[49.29500692206666,46.387420249944675],[49.298068292386084,46.35857147819851],[49.30342456367722,46.34726591758231]]],[[[52.963369882009864,46.37321362943516],[52.9515336884038,46.36919284480147],[52.93947488208797,46.374022270019154],[52.94579406954127,46.39264913844341],[52.96763286783825,46.40454099896296],[52.98127307312409,46.42142257592923],[53.004025073218905,46.43334688711696],[53.00777759500446,46.44443351072132],[53.021624091471246,46.442973270594415],[53.01912914184152,46.431114114451],[53.026908540473606,46.42423183129872],[53.01098956749559,46.409318012567404],[53.008036248935596,46.39598879848312],[52.99756867074356,46.38667368869321],[52.97801536009697,46.38231244183858],[52.963369882009864,46.37321362943516]]],[[[49.86615830605092,46.42125554897561],[49.85896169028713,46.419382828153225],[49.843081879382915,46.42788576928225],[49.83714274927932,46.441780848085266],[49.842669368414136,46.449030547284295],[49.85423306155039,46.4513427406912],[49.84742999000633,46.458168665872286],[49.86417744924136,46.47027666226848],[49.881144256576924,46.46515257359746],[49.89602540130619,46.448437852778426],[49.888039700397954,46.43742686966559],[49.86615830605092,46.42125554897561]]],[[[52.82570651833757,46.497010192124606],[52.82114926532242,46.49474462934258],[52.80375042276473,46.50509120192887],[52.806723616399864,46.50831936452482],[52.813101339327375,46.50716690600311],[52.82570651833757,46.497010192124606]]],[[[52.83849616514709,46.50376846503535],[52.83210138037133,46.505133544323094],[52.83218652553429,46.51049342874864],[52.85052193293976,46.53131719959664],[52.85549867507615,46.53236817230724],[52.85609786694056,46.52599994181799],[52.83849616514709,46.50376846503535]]],[[[52.96564055031758,46.574991498031366],[52.9572700570513,46.578095427021545],[52.96434501925135,46.58562550550779],[52.970406053813285,46.587947385568334],[52.98025143192227,46.58487313451297],[52.96564055031758,46.574991498031366]]],[[[52.89362980861956,46.57797757908229],[52.88633491811907,46.579300301827296],[52.8848975856649,46.58501384908981],[52.88923615854192,46.59613002775867],[52.899431933654604,46.60215032050972],[52.90156642894117,46.598529630283025],[52.89362980861956,46.57797757908229]]],[[[52.98666968955142,46.64069667688126],[52.96962026203286,46.64171929375109],[52.95725696500798,46.64921719906259],[52.96548151451333,46.66380339957694],[52.97253755680461,46.665139510077324],[52.983571111610814,46.65263277494792],[52.99194034936416,46.649495459591],[52.9910727299619,46.642655812818965],[52.98666968955142,46.64069667688126]]],[[[51.65030937760084,46.72936682417157],[51.63676992605418,46.73420835296809],[51.63376096664558,46.744567901114834],[51.637244910884796,46.750739816327766],[51.650164594287794,46.75577863908482],[51.638367744972,46.74626067177601],[51.65030937760084,46.72936682417157]]],[[[51.621107959733216,46.77903806176235],[51.61756985424973,46.76762171238305],[51.61037346977738,46.77527310216628],[51.61385392282435,46.78144820522156],[51.62296928227021,46.785662198736325],[51.621107959733216,46.77903806176235]]],[[[52.5644338977417,46.81945810265101],[52.5715289839817,46.81153803050939],[52.58652812342685,46.81162294718423],[52.591448699870405,46.795145379604854],[52.571980827487096,46.79197154436284],[52.56869025903345,46.785838928160885],[52.540253576994004,46.78223772030094],[52.53727778772038,46.78498445532889],[52.536017203391275,46.809458884093644],[52.53993311172646,46.81830241153699],[52.55340311558716,46.82471005321234],[52.5644338977417,46.81945810265101]]],[[[50.958544532330734,46.868160865100066],[50.93883903227902,46.87348901216665],[50.94277142683372,46.88701127518474],[50.972569558424865,46.90339181291291],[50.98162594778525,46.90347368158739],[50.98276863272121,46.89742298184335],[50.958544532330734,46.868160865100066]]]]},"type":"Feature","properties":{"source":"https://simplemaps.com","id":"KZ23","name":"Atyrau","code":"atyrau","backendName":"Atyrau","kind":"region"},"id":5},{"geometry":{"type":"Polygon","coordinates":[[[82.28007685204712,45.541818673502426],[82.16012573954227,45.56128694117354],[82.13042448331326,45.64505001547828],[82.14205169728726,45.67385864357653],[82.1309280451223,45.7598419292635],[81.98007966928785,45.88596347660526],[81.89101408701755,46.09346768810839],[81.52993773770265,46.33694838246542],[81.56429291989875,46.369037651653585],[81.52242279597047,46.36379624388717],[81.50594326934181,46.37314599999474],[81.5570526179423,46.40043641280414],[81.57875061172982,46.434757236432176],[81.55205535189401,46.43643187089663],[81.51819609210122,46.396579714374354],[81.48321535404159,46.41247562981073],[81.4148406844255,46.41734692699961],[81.4504089450121,46.46011354289735],[81.41693876915383,46.46054074547768],[81.37139131404633,46.42024234591122],[81.3394852056849,46.444053724973166],[81.30861663345605,46.49419020696814],[81.25144957732941,46.47358702073493],[81.20659639719133,46.47189716918866],[81.14238736062725,46.53271859956007],[80.82775113257817,46.542957251244644],[80.53387449229344,46.656127890629115],[80.2002029729774,46.76184851196164],[80.20948792905779,46.82959368606091],[79.99917600085317,46.891315411759045],[79.52773285733157,46.778553025797414],[79.21813968479478,47.08772666680314],[78.76621248759257,47.05986409365211],[78.71978763316415,47.14756781985022],[78.59289553459801,47.157825523660456],[78.54791256328328,47.19411461499772],[78.25204469767758,47.349018136635955],[78.0916595438199,47.21076583458048],[77.96353912704183,47.30676270115783],[77.8139190682241,47.19475555649128],[77.55499270831173,47.23698431889972],[77.4701766600868,47.164623184464894],[77.30102541987497,47.212108671128846],[77.24496457141605,47.18959039538342],[77.19048312985129,47.09954841583122],[77.04661557235622,47.1364936240138],[76.94661715272521,47.18648153102216],[76.89279177669141,47.25074773999491],[76.80590818695643,47.27962490600385],[76.88354494039451,47.30176547976666],[76.92768098877569,47.37177280648992],[76.91722103174048,47.44535819988051],[77.01908111813401,47.45861816835172],[77.10748288555786,47.42678446515933],[77.1009521406787,47.480216965095416],[77.05043786239798,47.635421622063156],[77.02339165370661,47.63920197549557],[77.0040054984137,47.679275647493974],[77.06740577378845,47.7712747138277],[77.1173096090332,47.910724718312174],[77.16578667281564,47.91287598828794],[77.1776276366822,47.99502959628059],[77.24748988045386,47.993842982046566],[77.19173425108873,48.050548427516446],[77.37790681077257,48.09396746138899],[77.30274969100964,48.135376090207394],[77.20481873222822,48.128627789386364],[77.07339476085924,48.20811841090957],[77.09935755187253,48.26257313670649],[77.18991852637372,48.26216890057631],[77.20977016234148,48.29733649763543],[77.16603856238245,48.309311010619766],[77.00844575816569,48.30787280798533],[76.9951247702477,48.34873571650748],[76.90710449283546,48.380474092652506],[76.87046057356103,48.42606366359026],[76.94943236699567,48.44539641115651],[76.93933863436875,48.49784078328324],[76.9923171970807,48.52834319526272],[77.04642482882709,48.52846519799776],[77.12509159517742,48.50865944580736],[77.3094100925635,48.63274764525025],[77.30998229661199,48.67807769140642],[77.34986881733016,48.785278403930796],[77.31405638906517,48.86680601660366],[76.89685059201518,48.826904308700726],[76.82967374652088,48.91991420627339],[76.85385900595003,48.98584377008605],[76.84642794667364,49.02307134631432],[76.93062599225208,49.05082335895594],[76.94756325001738,49.030380401376895],[77.04521946825247,49.056823820909386],[76.95122524757001,49.12588494578422],[76.86767580069575,49.15483859983006],[76.86820984216476,49.21910477306254],[76.7216796541071,49.30149835008047],[76.63497923646774,49.31794355093053],[76.6326217364278,49.352203314396576],[76.55518333221148,49.41191848965294],[76.56975547962529,49.469932414447165],[77.07319639730468,49.6041679122516],[77.17098996218695,49.693588204975185],[77.19083403345643,49.744743325460625],[77.16347497686996,49.788902170978254],[77.1901550969485,49.852050907195455],[77.16122430496893,49.881214030609414],[77.189521711608,49.959358070092804],[77.28029632071592,49.955978384242314],[77.32571418990806,49.97949614747388],[77.46647643993572,50.01796340888168],[77.55332947002225,50.08793259069928],[77.69623565232406,50.165039053490645],[77.72332000330746,50.22429274829974],[77.78991699346226,50.24573517064862],[77.84934997203153,50.1800422597966],[78.2811202995233,50.06488799913527],[78.444641113359,50.0387268076507],[78.57951355079125,50.079193116428804],[78.75577544699296,50.278770438054785],[78.81793975215223,50.328025807583025],[78.79340362833598,50.45442963191234],[78.69929505339589,50.475093858657274],[78.7347030707848,50.6963081479117],[78.71006579179495,50.707012270329784],[78.60840410187107,50.68408620329192],[78.52373580078293,50.68099480137913],[78.45769250309196,50.736579305438596],[78.45160760170144,50.769337902988966],[78.47383538084163,50.77951786636774],[78.4793789147751,50.79976692591392],[78.51832025556718,50.78884576344106],[78.38733675082139,50.84595874473962],[78.33709717822886,50.89225770790507],[78.26792909197631,50.90598681222394],[78.24150846944885,51.007198308615855],[78.12145998099648,51.11755756078237],[78.20462036521329,51.16677475730649],[78.23290250828957,51.15624996755005],[78.33491516614029,51.19185257889053],[78.35234833861813,51.228839892334335],[78.40415193353604,51.24597933751462],[78.42812346520525,51.21428678881981],[78.54990385727024,51.23895642908357],[78.75180813129023,51.32270806887789],[78.80256654915753,51.311725652205915],[78.78884120908558,51.35964577751957],[78.80228426814021,51.39917759728642],[78.75832366286109,51.39214323952142],[78.74825283671363,51.452613776012775],[78.94112394923134,51.47229764632311],[78.97161865263865,51.45162201008475],[79.08676150945418,51.53153997525142],[79.05659488701356,51.58784491315621],[79.19344330331619,51.61663819294698],[79.25661465617809,51.702217053688706],[79.35333109450809,51.70558850657727],[80.07869832707526,50.757091774685584],[80.0646999792261,50.82025996431624],[80.06956002064638,50.849480035420015],[80.08507089086336,50.84958772670262],[80.09196142071958,50.83170993653311],[80.19262896460768,50.83202986932758],[80.19054002160776,50.88781003695573],[80.1999499773548,50.9060099613028],[80.23868001192665,50.90887002036831],[80.25101000920775,50.92704001571091],[80.3766799825483,50.936119970279655],[80.42973999332801,50.9741899886626],[80.4688397254472,50.97445140823556],[80.4782299900658,51.08085998320139],[80.47443023246261,51.10124866047082],[80.43590999285755,51.12680998793819],[80.44089999999103,51.205839763260634],[80.62245001275396,51.20695002142057],[80.63116998348751,51.2660499723342],[80.67146998049884,51.308059967396716],[80.92213999944292,51.25408999906945],[80.9227840019909,51.21960114778512],[81.06921624115927,51.17204853069684],[81.1199099898389,51.20804998303949],[81.13723000578622,51.206810009656444],[81.1575199787835,51.18771996457425],[81.15792997757065,51.149169962492245],[81.1365600158053,51.08611002650399],[81.08965998783422,51.03910997954864],[81.06961059412576,50.981821019414525],[81.07430000124376,50.94540000209895],[81.17117000559665,50.94356000943493],[81.33540998002171,50.982929966441574],[81.4038199985751,50.98232999760838],[81.41173002228786,50.943080037463254],[81.43800001602256,50.932740026934496],[81.44718945661533,50.90558150885727],[81.42569138734808,50.88679872911078],[81.43827999947477,50.87053999911459],[81.46127027494408,50.86803943364563],[81.47765000941722,50.83342001588699],[81.4493499832432,50.762870149330034],[81.59739364417185,50.75328740347617],[81.58444445325524,50.70375212337275],[81.63473049616513,50.69584199706666],[81.6341654784963,50.67437155002348],[81.66467609487316,50.64725099172561],[81.6641110779198,50.58566473012478],[81.63586051624928,50.584534728877756],[81.63812055355802,50.56645434651561],[81.65507089792142,50.55628413919325],[81.67880137829763,50.56475930785718],[81.67823636687089,50.550069009243266],[81.71270208121837,50.53198866462489],[81.73417251780178,50.50373809019378],[81.69066663054059,50.48170263768222],[81.66015601621164,50.43198163707035],[81.69056336511872,50.4078204490788],[81.72182106308505,50.40065303649216],[81.6885751391594,50.39901800501604],[81.6823381307939,50.31490167633606],[81.62653973659882,50.26886037722064],[81.47545477882538,50.32478707886904],[81.33241806367123,50.31561806507541],[81.40256106708529,50.23355532685248],[81.33287650762122,50.22392784836045],[81.23660179035375,50.250976454256914],[81.13849327306994,50.21521727712982],[81.15193467684534,50.17437214365562],[81.36850920385314,50.122233830706726],[81.35647728527493,50.054052960285574],[81.32439216898258,50.001914646175244],[81.32439220572101,49.96180831665242],[81.52893479895732,49.92972317331462],[81.55299853523655,49.91368044024454],[81.58909431225973,49.90966984022602],[81.6091475917579,49.87758486971312],[81.70941361108976,49.861542372426634],[81.72545619689552,49.805393470698014],[81.68534967386823,49.78132940736106],[81.73748795352522,49.75325487427515],[81.72144552089345,49.697106143058996],[81.75754113930172,49.69309526321724],[81.79476009100266,49.65265557435722],[81.78804662393263,49.617508700974184],[81.86268427877572,49.60921567134961],[81.89862106294832,49.59105015792348],[81.89081900175802,49.570461465113816],[81.98119108741601,49.56119264263519],[82.01672195238123,49.50866869840655],[82.05920444320076,49.49939961980519],[82.02135642577012,49.45768962483668],[82.08778375365476,49.40825539953265],[82.17815576058962,49.37426930183899],[82.18510741487452,49.39126226114992],[82.21059697088648,49.38740022623621],[82.23531403130754,49.40207589177477],[82.2561691799203,49.39126226114992],[82.26032462554757,49.368737216009144],[82.3327190486562,49.35315846371115],[82.37395644132916,49.29680070715745],[82.40373907090863,49.33712183616983],[82.52466883103872,49.32856951475918],[82.60882177353689,49.25318255363841],[82.59771833158169,49.24616993256792],[82.63097476958305,49.23373076245857],[82.63586122553693,49.21085385778958],[82.65830767229325,49.21147964999588],[82.69181336898404,49.24020173329293],[82.73518767116559,49.226131847911994],[82.75860120819593,49.23658842467874],[82.79259969119903,49.22792820548954],[82.80498086545391,49.19559780553207],[82.71657719359817,49.10533719591439],[82.81537969343081,48.922831921758515],[82.92059441168777,48.963980230335984],[83.11435612324856,48.93689511473328],[83.07010209484538,48.773972849791484],[83.23613812192377,48.56193240616521],[83.42316316939365,48.540672535869966],[83.43741795386273,48.46994643389315],[83.49211050646784,48.43459963694508],[83.56786401022775,48.41617286662933],[83.61700162442601,48.389556965987424],[83.62109628995948,48.36908278716941],[83.59448015709438,48.346561448083925],[83.53510571769468,48.33222971924993],[83.47649620248983,48.28346459134527],[83.49192194976084,48.26618783541232],[83.46724082975122,48.253847317607736],[83.46970892837122,48.23903859631854],[83.43145313949394,48.23348533033944],[83.3718917848482,48.011647942139184],[83.11714011924018,47.916231446015594],[83.02655345486626,47.5948460721553],[83.31761710747028,47.394358541637175],[83.19420920997298,47.21138774522959],[83.17467000442943,47.223660008426776],[83.09245000131537,47.226520002504714],[83.03088002544952,47.21212004851822],[82.99386003875057,47.05618007426036],[82.97523003732839,47.02620007161506],[82.93642997506367,47.012439952117134],[82.89015001849603,46.876430035678126],[82.80730998212496,46.749629965359816],[82.73903000746387,46.517680014569265],[82.57843944674579,46.281658984028205],[82.5290300165827,46.184020032734466],[82.50443999284276,45.98337998579759],[82.41878998114518,45.86638996244354],[82.30803999936492,45.67147999872763],[82.27197999360536,45.57063998715487],[82.28007685204712,45.541818673502426]]]},"type":"Feature","properties":{"source":"https://simplemaps.com","id":"KZ10","name":"Abai","code":"abai","backendName":"Abai","kind":"region"},"id":6},{"geometry":{"type":"Polygon","coordinates":[[[74.00004578835161,45.99999621231563],[73.99452971342279,45.87024686353484],[73.88944244674335,45.754219061110376],[73.8946456755485,45.67001339351912],[73.97641754269735,45.330238343565725],[74.01451110376779,45.28550337749453],[73.74251556401147,45.287445068025676],[73.71048736458148,45.2194099397964],[73.73207092384341,45.10215377990833],[73.8327026386102,45.118743899636634],[74.06842040816207,45.11990737486175],[74.09156806060308,44.9706536865768],[74.1207047033431,44.94007503915536],[74.12635806716219,44.90810020741328],[74.15959923903354,44.885639044278165],[74.11345667539399,44.88189304363077],[74.12386321689985,44.86419295599236],[74.14723205675185,44.86914444169826],[74.19297031769105,44.84225473319024],[74.21742245851006,44.863803804196536],[74.41984560485497,44.78701787578643],[74.51151274974059,44.68445204287562],[74.53210446584862,44.64190667895639],[74.49942784509687,44.53652965439858],[74.53603361762016,44.47956082395741],[74.77381893290755,44.362056648037544],[74.94580842118472,44.336563133013804],[75.00141138779242,44.30485141855464],[75.0301284205213,44.30556856291868],[75.11090088561537,44.2439422759459],[75.13323977705578,44.24951941813322],[75.23431394661543,44.16968150746341],[75.3033218027242,44.13912192931845],[75.31341554879491,44.062965442310016],[75.3082961812653,43.98812479546943],[75.2678451875059,43.95303733804847],[75.2601546779073,43.92918385531277],[75.27732854191714,43.84219753386192],[75.26084131529169,43.808219785379706],[74.98712925694534,43.63699351349442],[74.99269102527475,43.60125729016064],[75.04318242617086,43.583866241161026],[75.0687179094137,43.56222523264476],[75.12049105688182,43.55957419333028],[75.1837081649536,43.53530114819368],[75.18379211432682,43.55503463774998],[75.23332981767956,43.554367167471376],[75.23517605866871,43.51805489925814],[75.297119133607,43.508762343038235],[75.39000695812297,43.51915345554122],[75.40832521364668,43.47948841575066],[75.2903213747379,43.37886053095819],[75.26585384956651,43.291725084119406],[75.27865604201759,43.270671927189156],[75.3031235199452,43.26436244110289],[75.3045501774181,43.21818543984046],[75.33522032020917,43.19485469716513],[75.35057068104113,43.135433201727864],[75.40258030424677,43.110912423173055],[75.45948787752322,43.11239996826074],[75.527412439109,43.07564168780839],[75.5608825977006,43.07410437772507],[75.63993070080754,43.042659704027464],[75.60910803239426,42.99861159228391],[75.56816862065435,42.98914332712848],[75.5649337467457,42.97767632179964],[75.65517419576665,42.97494874571124],[75.71524811718936,42.9571838592928],[75.79159545315247,42.96917341746862],[75.78668215909839,42.936958382717975],[75.82010021507917,42.935437653444566],[75.78916986919909,42.90020958633603],[75.77107004694356,42.83671010908753],[75.73437995500686,42.80464989529156],[75.71068995030383,42.79653988428182],[75.60694716660028,42.820655709718984],[75.42782920855561,42.8220201054181],[75.3220299815456,42.85645995688552],[75.23237995748599,42.837669900501325],[75.15731998112132,42.84991995578863],[75.12885998851075,42.87872997310682],[75.00492000045067,42.93978000105433],[74.92515005969823,42.9564701397903],[74.91166993891648,42.98274985705091],[74.8338581261713,43.00244937753719],[74.7404800149811,42.99439003512708],[74.70686075142149,43.02822897087757],[74.69420999398424,43.05976998591253],[74.62572002582522,43.09328006047283],[74.61264000153699,43.12206000359662],[74.55009997753456,43.1567599474365],[74.50445994228792,43.15880986489369],[74.48570999167616,43.18410998052241],[74.34233994270876,43.205199865762836],[74.30842997706871,43.21631994626276],[74.29429994254353,43.238229865413196],[74.16943004389056,43.237700102983965],[74.15575997454026,43.23162994024021],[74.17723999902952,43.198869997720465],[74.15807004089636,43.18497009611567],[74.05191999318714,43.15814998395305],[73.95438001847074,43.19197004352088],[73.90522083759171,43.13378069606764],[73.89097000524544,43.09724001240339],[73.81976996593463,43.112229919404434],[73.77829997503932,43.10876994090639],[73.55817994885534,43.022849878251314],[73.56150000138567,42.991090003300975],[73.50017998547798,42.90691996528471],[73.50366998179086,42.78320995630867],[73.46193995781385,42.724409898536756],[73.42395998937302,42.626279974348535],[73.42155003500854,42.57043008465616],[73.43855003048988,42.51004007385503],[73.51543784794454,42.437252149759196],[73.51854032823148,42.420934423242514],[73.49119000312555,42.40908000759056],[73.34617234525756,42.42721986961453],[73.30969999075597,42.44928997752424],[73.3101400283951,42.496430068931986],[73.29809997392287,42.506079936704005],[73.10693999739509,42.53550999366629],[72.97541000456908,42.52756001113135],[72.90112000450075,42.537310010972725],[72.81424001632047,42.567820039797915],[72.74346308031329,42.63927177999179],[72.60673994698367,42.68143987081386],[72.49893004058059,42.68514009901932],[72.28201997311328,42.759269934348815],[72.16607994092396,42.75442985549737],[72.12037005881925,42.736500144045216],[72.05693002245306,42.768890054979444],[71.98467997158306,42.78406993037891],[71.92905403388362,42.815224007356875],[71.86363994113722,42.8328098557599],[71.81799996470598,42.831239913454375],[71.67537997789965,42.789849945630735],[71.6273999951126,42.764769987958886],[71.5706099471343,42.77485986969424],[71.51762002418691,42.809070059597964],[71.390401204074,42.79719012698852],[71.36624948448478,42.77697009993506],[71.27712997104543,42.780399928349816],[71.22736094482855,42.69290109917627],[71.17469978128884,42.67204856371817],[71.17717995424009,42.63388988608571],[71.16542996240075,42.609419906313185],[71.04090004743047,42.59852011843154],[71.00972998095037,42.57812995238178],[71.02539999625843,42.54777999064028],[71.09158997952422,42.51193994876685],[71.09283998794685,42.49297996982349],[71.07656001721199,42.467880043137036],[71.05890999856702,42.463569996407045],[71.00986399138519,42.48889845554946],[70.97828001663032,42.484650041714396],[70.93501997292545,42.39368993184379],[70.89369002504132,42.35707006315136],[70.87177323586263,42.317145642756785],[70.81765748613044,42.344375648214225],[70.79924772716221,42.38368984256396],[70.77638245580371,42.38585665274089],[70.79868316688304,42.429969787705105],[70.7898025751163,42.43804937674453],[70.73843381886489,42.45659632679576],[70.67870330982316,42.454467777596385],[70.60787968046289,42.54333888034996],[70.55128474805427,42.554893388389424],[70.50568385047697,42.61159503197054],[70.47174837011941,42.61997990357771],[70.46414179735619,42.65094744874756],[70.40618898065644,42.667251626360425],[70.3894195934068,42.69985589796676],[70.31973269157707,42.696922366319924],[70.20717623749465,42.74616630317682],[70.23188020045505,42.794445069265734],[70.21038059747288,42.812820544102735],[70.2047271449823,42.8632277737863],[70.21424869331335,42.951744170749215],[70.18048100916454,42.98628247929231],[70.20680994137878,43.00685105471445],[70.13857272051692,43.033416816675285],[70.17389680581024,43.08114246538383],[70.1475372039155,43.096984795536585],[70.11033630408984,43.07859039322403],[70.05824281686198,43.1134071820198],[70.07415771044408,43.16149138266106],[70.05095677942018,43.1829720869183],[70.01039121577445,43.173046064122246],[69.98663333587555,43.199115839816145],[69.89575964309525,43.202953488774256],[69.87638089300962,43.26650231283331],[69.8537445667386,43.2678147847046],[69.81986240689729,43.21020899501757],[69.71190638069699,43.26577745753174],[69.64065557163059,43.254852428957285],[69.65016937690561,43.29305649774362],[69.62863161588142,43.29756933459],[69.57875828695651,43.27849972031367],[69.52924350852636,43.37744150455276],[69.55462646897806,43.41019440690632],[69.44509884895835,43.434604575105055],[69.57992557099166,43.58089836923458],[69.5784835508119,43.60280219975465],[69.69467926986874,43.8333435302602],[69.70617670975538,43.95070636375528],[69.77532962577031,44.0314637104167],[69.79346465030726,44.11964032392884],[69.82798001419157,44.13588707825553],[69.72807308512428,44.58300772773406],[69.64093775066031,44.88518511131434],[69.58290867118534,44.942524055027185],[69.45635985649588,45.32326887444542],[69.31528472896201,45.573604583909336],[69.2253722986581,45.777088128542],[69.03677367919205,46.00004576934359],[74.00004578835161,45.99999621231563]]]},"type":"Feature","properties":{"source":"https://simplemaps.com","id":"KZ31","name":"Jambyl","code":"jambyl","backendName":"Jambyl","kind":"region"},"id":7},{"geometry":{"type":"Polygon","coordinates":[[[62.8800239633438,47.206882495490134],[64.01389310657007,47.77555460739208],[64.22302245806684,47.941707603941154],[64.13458247452458,47.96789158351072],[63.96182631571847,48.179046611155464],[64.23142999854143,48.35434709750836],[64.17169957802717,48.46990598066856],[64.52773289339733,48.528633222104844],[64.45480346284417,48.5955123802686],[64.48950196709016,48.62920764393283],[64.45060724389931,48.69029222710288],[64.65270231741923,48.686412777080825],[64.70307158091367,48.94086071788108],[65.44475556605418,48.86716845450813],[65.5143127369494,48.89610288894517],[65.58715051780945,48.8893164311591],[65.69805912631973,48.91645060055513],[65.75910951192238,49.02426913768022],[66.06261443535752,49.03235243532681],[66.35074614476486,49.252708412315684],[66.49646000568701,49.26599893876846],[66.5633010248102,49.41389833371868],[66.6923905011716,49.403881202654944],[66.74296566302499,49.4930152127077],[66.89069370348177,49.58255394743888],[67.0945129982829,49.66291440371125],[67.41278001417346,49.905104162266404],[67.5471377210301,49.76383334941779],[67.54713768741155,49.72584492991511],[67.62311445565918,49.694979552976626],[67.6642387448807,49.69698329360742],[67.73687318206825,49.551213521093956],[67.88498646568114,49.420838597990006],[67.93186225664996,49.30670655655543],[67.91046246550924,49.20887895276638],[67.94510978652632,49.173212748724396],[68.36336256654812,49.14736949275402],[68.71773213168966,48.8650841339128],[68.9051486082128,48.79570082598515],[69.15557977062159,48.79701540505762],[69.29558469888322,48.68724657763643],[69.42420643221246,48.64357463855995],[69.77265393770787,48.7167207916751],[69.82575455408426,48.79789839022293],[70.42900918851618,48.85831236700935],[70.55456978883898,49.138736646740455],[70.55000761197316,49.389656894529615],[70.6480946217745,49.390417281191766],[70.77051321433973,49.36456475930613],[70.77659616809574,49.30905824404723],[70.8191765592259,49.25887417431023],[70.94576903382944,49.226680260556044],[71.00319059388643,49.16638800471624],[71.64056852876699,49.23529367813077],[71.62908421916178,49.18074326695279],[71.66640816546965,49.163516859787],[71.94203100240107,49.16925887113371],[71.94203099423045,49.04006061870499],[72.01380783218131,48.99986569613927],[71.98509718613973,48.9682840558491],[71.99371027871115,48.95392844195918],[72.01380778192231,48.95392844195918],[72.04251861142764,48.928089023604805],[72.09706897737034,48.928089023604805],[72.10855319801394,48.83334351277518],[72.06548715834244,48.83047252112345],[72.07697149117841,48.79889082443335],[72.09993996387071,48.78740632405598],[72.11096761780865,48.73839508537337],[72.04112636982165,48.734719270881044],[72.03745042800233,48.7187903822142],[72.0031424552205,48.711438708359054],[72.01294470765535,48.62934452190752],[72.00069194676053,48.49823917937659],[71.95290582358551,48.349979662348126],[71.84300921812215,48.3197743077555],[71.86802225999496,48.28180463687748],[71.90679360753761,48.25517354596614],[71.9080032189746,48.20849943188281],[71.96816464930684,48.16631591650118],[71.97776242922718,48.123047042856825],[71.96221472815739,48.064599696255634],[71.94099180622503,48.03805432054086],[71.97121220534149,48.02375859834361],[71.99315617295018,47.97881325947798],[72.02482900417947,47.962514281768954],[72.07248670021093,47.849012131478105],[72.09430850065941,47.838905022151714],[72.12264071565102,47.7993013844192],[71.96718392903402,47.77828375316591],[71.89618438025833,47.74297806709415],[71.8575131511528,47.70552336939617],[71.78714336071802,47.70244747587562],[71.71466918332607,47.51758717905886],[71.57894628886955,47.543035167723325],[71.38101703136107,47.657079928467276],[71.36122419212344,47.533609990100956],[71.30467296411659,47.393174449421934],[71.32446232819917,46.88837425326224],[71.34804703541066,46.71058153115402],[71.28273549466667,46.50013318985447],[71.33171914937367,46.32415467210444],[71.31093675359617,46.186712086546144],[71.32881088008953,46.00094790761097],[67.17249299351516,45.99823001049146],[67.15885924332912,46.0949401624885],[67.11431121539286,46.10897445065964],[66.7215652501206,46.089706428637314],[65.45194242779382,46.341705281823955],[65.27328491349203,46.40954208770226],[65.09593965962988,46.55205541757161],[64.89324187657496,46.56565855551606],[64.41460420422844,46.74654392692374],[64.3151321204769,46.747352548789095],[63.831363680393295,46.87854385999452],[63.788082120983134,46.909599298949246],[63.698974615367064,46.868774429985415],[63.4095955030568,46.977966341826004],[63.28099821523148,46.97071453178716],[63.13056183952838,47.03985598353736],[63.01696013665911,47.113784771504314],[62.61207964823168,47.058528971708796],[62.8800239633438,47.206882495490134]]]},"type":"Feature","properties":{"source":"https://simplemaps.com","id":"KZ62","name":"Ulytau","code":"ulytau","backendName":"Ulytau","kind":"region"},"id":8},{"geometry":{"type":"Polygon","coordinates":[[[65.95619968291781,52.43065650542285],[65.94792939899018,52.19305804761545],[65.83010861609651,52.12873072055164],[65.73697663853363,51.85771182120157],[65.48558043288138,51.77330014850353],[65.3172378727996,51.78018955212553],[65.36093903851392,51.67089464846493],[65.48571778998917,51.67091373050642],[65.57709504590802,51.55394366233455],[65.48686219714016,51.40368273801357],[65.53533170038261,51.377555794422136],[65.39849092414835,51.298610724441076],[65.48370361777384,51.229984292862625],[65.42847441745874,51.197616559317126],[65.63587950735452,51.068679789991535],[65.56908415176446,50.87366100911357],[65.60800933938191,50.82205200489654],[65.80185699773703,50.83908463071599],[65.8604278508992,50.9683761494124],[66.04071807618028,50.90217589714731],[66.05126189636498,50.86206053528696],[66.0466690165082,50.821506521879826],[66.08175659767066,50.84116746179138],[66.07964326053116,50.80224230093439],[66.12989044415018,50.81765366047195],[66.16027833232384,50.80140307163789],[66.23568725595022,50.825237273896576],[66.28690336270881,50.69450374585256],[66.4049758802663,50.7131538166713],[66.48551179748131,50.676353491376055],[66.74211884247494,50.62063981653073],[66.98950957939492,50.66501998155112],[67.0684890673087,50.645870193114305],[67.13272094793095,50.54211044492922],[67.02059936370391,50.5008392303045],[67.1633148141476,50.36341093987145],[67.3985443162419,50.45523453678862],[67.82888030096963,50.49511335444038],[67.94768525028043,50.55104066594827],[68.0049133234807,50.53128050465619],[68.01139832215698,50.50652314666245],[68.11614991132771,50.47140504810876],[68.13204194024452,50.44127656895825],[68.07408905392232,50.40460587306316],[68.04602812921772,50.35446928296089],[67.9759597783002,50.31605148362032],[67.79151153451345,50.26487731591296],[67.63078308218955,50.25130462847732],[67.58844757521813,50.22315598380218],[67.62762451361195,50.17802429536827],[67.60035705830605,50.16131973782393],[67.64752197195173,50.10115051080281],[67.42608642875192,49.91522980283503],[67.0945129982829,49.66291440371125],[66.89069370348177,49.58255394743888],[66.74296566302499,49.4930152127077],[66.6923905011716,49.403881202654944],[66.5633010248102,49.41389833371868],[66.49646000568701,49.26599893876846],[66.35074614476486,49.252708412315684],[66.06261443535752,49.03235243532681],[65.75910951192238,49.02426913768022],[65.69805912631973,48.91645060055513],[65.58715051780945,48.8893164311591],[65.5143127369494,48.89610288894517],[65.44475556605418,48.86716845450813],[64.70307158091367,48.94086071788108],[64.65270231741923,48.686412777080825],[64.45060724389931,48.69029222710288],[64.48950196709016,48.62920764393283],[64.45480346284417,48.5955123802686],[64.52773289339733,48.528633222104844],[64.17169957802717,48.46990598066856],[64.23142999854143,48.35434709750836],[63.96182631571847,48.179046611155464],[63.75353627641858,48.44635022278913],[63.59103014463785,48.52273946625536],[63.432819362680696,48.55966567209181],[63.38022235732225,48.60363396746614],[63.06543345632562,48.67098606700861],[63.02535250699981,48.75503546902103],[63.091575643147074,48.812946367793344],[63.084232292261625,48.85203924760249],[62.9777107259503,48.908889775617155],[62.77227399293007,48.82810586964443],[62.49611285555392,49.004665452372784],[62.42321020854609,49.16415801960503],[62.291423763731885,49.15298453777201],[62.31921002467113,49.2015990563773],[62.464439406853494,49.21795657801749],[62.488342300856125,49.206245459384725],[62.518791192432076,49.22568128953424],[62.3347549035331,49.42172613220199],[62.284538243804136,49.45842355601923],[62.36318965895741,49.5316390103333],[62.47953029501154,49.50750341920504],[62.445671137308416,49.536731848710225],[62.41819003883137,49.64744194934578],[62.5677947617686,49.712016970866486],[62.579212168443604,49.81796641383795],[62.740756967897866,49.91143031090838],[62.89375305817214,49.83066941708187],[62.93954086666972,49.9399147113263],[62.9177474625557,49.98844520172327],[62.70003127994411,50.19064712262152],[62.68693160617373,50.23965834739735],[62.550609592620205,50.372432717110286],[62.457157140113665,50.65988160333449],[62.31773758068543,50.62868118674904],[62.3154792710685,50.6917686284022],[62.293617252104156,50.74244690587518],[62.41075514534517,50.795078252290956],[62.230537422208386,50.90219499287721],[62.25892256665679,50.96938703129012],[62.29311372498721,50.97432331026914],[62.29407118569069,51.014217350037306],[62.1482086325618,51.06500628790627],[62.06639863614944,51.001552615322154],[61.98821640311099,51.02080536584621],[61.92364119248036,51.252620669672446],[61.88857270841282,51.30047229359865],[61.85627744808244,51.31579585894451],[61.787807465869726,51.26971435690108],[61.70494080670859,51.253829979456306],[61.55270999563729,51.34031999045269],[61.51049000901295,51.413850019681135],[61.48328000414056,51.427640009040694],[61.45114002221643,51.433280048523606],[61.38228996447459,51.40098992222353],[61.351369991723836,51.399799981870736],[61.288810013499834,51.410170029589835],[61.18117997680384,51.45662994915866],[61.002732160577054,51.46511990154715],[60.99252999190512,51.493469982227644],[60.96326003110174,51.49646006830775],[60.92921997995256,51.54355995602497],[60.9134508956104,51.576202001420896],[60.91956033693392,51.61083952249568],[60.615189996000076,51.61411999120401],[60.5088300053662,51.6324600118125],[60.390630016754976,51.69831003686351],[60.51032003568462,51.77241007813971],[60.522559994973534,51.78222999981064],[60.51941002322544,51.79856005080023],[60.40380998053384,51.8135199573645],[60.180870032287224,51.903570070742695],[60.173030022062335,51.89727004835712],[60.18310869172779,51.86518982240258],[60.140870012749296,51.86661002799072],[60.101949999234904,51.88218999832019],[60.05368001671851,51.93173003667036],[60.065579979712815,51.990609955606494],[60.27131001601789,52.01207003490428],[60.503099994019266,52.155459987084775],[60.54111000670916,52.16807001447271],[60.647560000951216,52.15701000204936],[60.72190998044742,52.168669957948374],[60.76936996875357,52.19525993291471],[60.794910987644066,52.23140972787259],[60.964229988479325,52.27357997541292],[61.07187996737272,52.3376799306486],[60.979039994702056,52.457569988769144],[60.97387999495292,52.50347998931696],[60.84938003458922,52.51721007332814],[60.84119996594264,52.61890992804153],[60.714520039227374,52.653810082954756],[60.71689997019909,52.741539937169286],[60.72899993206512,52.751459856846665],[60.85429007093461,52.773080149057364],[60.896229320591274,52.81819905442849],[61.01653000653593,52.87012001365296],[61.07387993804676,52.9121998708867],[61.03342005537059,52.944970115345505],[61.02519211200973,52.97999001400494],[61.11610059239279,52.97012112119827],[61.12943002611766,52.989300054241966],[61.236840060607534,53.03181012547506],[61.27140087715505,53.02604923923549],[61.32268001288775,52.990950026679855],[61.37127997404334,52.98666994629968],[61.45968001129044,53.03501002328692],[61.56571007424603,53.00719015301335],[61.64147998248832,52.96296996390156],[61.662720055505574,52.9613501143846],[61.71493998805474,52.99727997543318],[61.82786005956485,52.99548012228392],[61.87703007365566,53.01110015101368],[61.89291999492767,53.01051998960287],[61.96060079360196,52.960349634731756],[62.00798006343782,52.9516001300453],[62.13726996946263,53.00573993764139],[62.13916994021031,53.06489987814784],[62.110620052881785,53.116800107640366],[62.03253005785976,53.13351011785674],[61.925809975662894,53.130629950336775],[61.79901998276147,53.16086996478477],[61.75941001560203,53.184350031868036],[61.72569994887464,53.2265998956579],[61.667309991375106,53.25184998239503],[61.64130002145678,53.246750043822814],[61.63472876741292,53.2223391245346],[61.621939943083525,53.21647988360522],[61.51779992383838,53.21386984397181],[61.4628999699384,53.223789938378964],[61.39526004090844,53.26713008383032],[61.242610012317456,53.27312002529897],[61.1827400248748,53.29615005110302],[61.16805002684972,53.317030055136925],[61.15768993427525,53.386469865306736],[61.23513000577827,53.43742001180755],[61.25751005604184,53.50343011424026],[61.37764995955961,53.49329991769797],[61.394979604319325,53.46644096657316],[61.44468998242848,53.45790996423846],[61.51861006106316,53.472680124067615],[61.57896996307732,53.500379925119155],[61.58833006120487,53.52477012401217],[61.55600003536413,53.5748900715798],[61.502990055774085,53.59142011293077],[61.41463004161492,53.58895008438848],[61.35524001342927,53.55910002728385],[61.1567000111867,53.56891002279461],[61.10311004805864,53.599140097921314],[60.91595984261975,53.616710319327886],[60.918950045376185,53.6669400925416],[60.99909997202196,53.669449943019785],[61.0184850724919,53.64149030122444],[61.0427128083335,53.65424541916312],[61.0471699596662,53.6984199179944],[61.11080003702187,53.71610007515222],[61.152459812448654,53.76091978476076],[61.21810005780652,53.79671011685121],[61.206779936642114,53.83242987204192],[61.14618002554754,53.86171005160101],[61.136290674890056,53.88090896509665],[60.98987997284439,53.89712994506884],[60.98299006360485,53.91301012861509],[61.02773004944975,53.95190009980233],[61.15750783690887,53.96158965053263],[61.18707004214702,53.92369008491382],[61.256410026927135,53.91749005419889],[61.25224994285068,53.94360988505203],[61.2767900774172,53.97952015548461],[61.24522995654636,54.013019912769494],[61.25614998042894,54.034119960743915],[61.30642994680023,54.07347989350233],[61.394689984178925,54.089159968388415],[61.46105994668741,54.083989893578384],[61.495529966107995,54.01937993225376],[61.58145993965313,53.995379879456],[61.5970500776817,53.96223015528444],[61.61313999862741,53.95418999725605],[61.65864007403652,54.01202014763132],[61.7376076452062,54.02936902155426],[61.792020041341445,53.984210082326214],[61.811870030487604,53.993290060676365],[61.82044005014574,54.02282009969868],[61.85428022883891,54.032439795058764],[61.850689950524384,54.00939990164255],[61.879939939295895,54.01807987940864],[61.90799989791539,54.00835016804597],[61.874509958875954,53.96597991817132],[61.98208002958667,53.945800058804856],[62.04228997700168,53.955099954346814],[62.0030104814693,54.02852073096173],[62.07313998405482,54.05565996845794],[62.20559005349216,54.03297010566152],[62.346050041206546,54.03577008120389],[62.42083994936487,54.056129900395035],[62.48952002281613,54.02606004487242],[62.41351016270616,53.99556020093558],[62.44161000403309,53.9364500079588],[62.550660028020054,53.89984005526102],[62.562279550502176,53.91326911211234],[62.550969527316376,53.93980900393202],[62.593940077308226,53.98486015197412],[62.634490033527385,53.99442006584765],[62.64969004367486,54.01591008570148],[62.710309975503264,54.03812995200914],[62.73223069512585,54.06134036730345],[62.79946003578012,54.08091006990765],[62.81802998009966,54.09706996114841],[62.81613878048809,54.11583830730895],[62.92927997095516,54.11725994342873],[63.06212995418937,54.100409910918046],[63.12116002505035,54.10783004865573],[63.16178947649263,54.12675962974557],[63.16939005029164,54.15472009747318],[63.153840166856654,54.17556971044026],[63.16031001337014,54.187560025892495],[63.21525996178916,54.20323992609935],[63.26181999266468,54.19300998581984],[63.30795002592795,54.203320050071525],[63.41176008069054,54.19352015561774],[63.4927313372726,54.21265994846164],[63.51645005152889,54.20554009917839],[63.52685006519294,54.216290125418396],[63.54292002812246,54.21161005409595],[63.81121002022508,54.27857003866557],[63.88041004230579,54.28585008077431],[63.90753953084751,54.271950188110424],[63.944131313473235,54.28180987330809],[63.96083036223311,54.27523014559633],[63.97511940635365,54.27853328748388],[63.99620999418181,54.31116004259789],[64.01892994968338,54.30670990419553],[64.01016994988508,54.28818990451536],[64.03076000933112,54.2815000177762],[64.07911864092429,54.31776889959371],[64.18497006669126,54.30727012665146],[64.2186599461913,54.32374989791528],[64.29266994886734,54.33067990312302],[64.43439006530389,54.32883012345996],[64.45763996005908,54.335709924531805],[64.47594000152608,54.362850002880414],[64.52895000380292,54.35607000717325],[64.59707008319958,54.37489015668986],[64.6219599693658,54.395639942362884],[64.74258000430294,54.4045800080786],[64.74488083403864,54.360249671047306],[64.75506219182938,54.35804049468709],[64.96565384051358,54.420780991963376],[65.05551896187445,54.37568292870557],[65.10424292170505,54.33453385352648],[65.22195601448193,54.334286027044264],[65.26271496575436,54.362418936139996],[65.23919406920373,54.375750129045095],[65.2220070656045,54.436988122152655],[65.20090796520348,54.45218093521718],[65.22333700201392,54.490070003744066],[65.21375997710486,54.53413995748123],[65.35790305848124,54.57740410823358],[65.5038300803028,54.57091814831575],[65.49482496216157,54.59665293015449],[65.45645100413718,54.62437500763524],[65.46435899076334,54.64124728691858],[65.49100991544844,54.65028984415109],[65.55374704418227,54.63615608139231],[65.63205998742943,54.63817997687133],[65.72976006401898,54.605260117720945],[65.76798002871199,54.60605005276481],[65.83076799411043,54.653156089200984],[65.84460809432103,54.695185975803234],[65.94816547437303,54.7122196363436],[65.9712999697588,54.70044994474066],[65.9556447548353,54.66544820587369],[65.96803996719545,54.62082743635927],[66.07597290755538,54.630606987476185],[66.07887313118424,54.571266874007215],[66.10991248770917,54.48946007745569],[66.07383200419876,54.46963870771004],[66.10702527909017,54.443875345262235],[66.08489810575627,54.41926641058311],[66.17689483845062,54.2934608708505],[66.08508851931495,54.258470735676],[66.03168152649975,54.25145656410233],[66.19110120902235,54.18343101667424],[66.26681341974509,54.183289151846594],[66.31772841844929,54.10201913411311],[66.14982505005806,54.07523099286603],[65.96311468835282,53.99905087828216],[65.97715619526812,53.96889659117037],[65.9293805186069,53.96088146033542],[66.00583652173981,53.813137119097355],[66.13813021886556,53.83119207469027],[66.14402764491571,53.672408935771124],[66.01278681343241,53.58803930070938],[66.0568008679133,53.511287737973824],[66.22802727158687,53.50023256045166],[66.2334900261496,53.234092780739836],[66.3817595873842,53.18033589139648],[66.3568038414344,53.11774434585315],[66.21392065677693,53.13344586170603],[66.14204399722162,53.0998533825501],[66.04197697878364,53.10195932434771],[65.99768068474475,53.069625893799646],[66.03291316640133,52.97431556298209],[66.08257288915662,52.971591857030774],[66.09357456818938,52.880390252188455],[66.0660324310064,52.88227466851058],[66.07799526291537,52.76797859622038],[65.96746068936602,52.747943989296644],[65.95619968291781,52.43065650542285]]]},"type":"Feature","properties":{"source":"https://simplemaps.com","id":"KZ39","name":"Kostanay","code":"kostanay","backendName":"Kostanay","kind":"region"},"id":9},{"geometry":{"type":"Polygon","coordinates":[[[59.028877679174926,45.36404886143338],[59.01465987273919,45.98866269431197],[59.29158402477569,46.22678759383102],[59.51343534207133,46.456523835393426],[59.62948990253042,46.54205323255539],[59.713737493913854,46.632759109944885],[60.123462651350465,46.89329140482059],[60.447505952148624,46.91426086703494],[60.47711180758495,47.128868080917755],[60.91116711696688,47.10607139891149],[61.333145095862065,47.826656225275],[61.944034580396256,47.845268261005586],[62.01248171331003,47.77206426994126],[62.04936222729579,47.74866496706361],[62.2104110900021,47.54549793932433],[62.52077486777685,47.32569129055621],[62.48280337327712,47.26229865552607],[62.763454435743874,47.232189174833884],[62.80667878327418,47.191009549432884],[62.8800239633438,47.206882495490134],[62.61207964823168,47.058528971708796],[63.01696013665911,47.113784771504314],[63.13056183952838,47.03985598353736],[63.28099821523148,46.97071453178716],[63.4095955030568,46.977966341826004],[63.698974615367064,46.868774429985415],[63.788082120983134,46.909599298949246],[63.831363680393295,46.87854385999452],[64.3151321204769,46.747352548789095],[64.41460420422844,46.74654392692374],[64.89324187657496,46.56565855551606],[65.09593965962988,46.55205541757161],[65.27328491349203,46.40954208770226],[65.45194242779382,46.341705281823955],[66.7215652501206,46.089706428637314],[67.11431121539286,46.10897445065964],[67.15885924332912,46.0949401624885],[67.17249299351516,45.99823001049146],[67.16393280650588,45.91735841388337],[67.32092286450168,45.83071139551125],[67.34949492773085,45.76219175668188],[67.26452636702699,45.65355682406639],[67.23718262272311,45.58150102106283],[67.22994231525232,45.47525022738006],[67.16638183655387,45.30968856936984],[67.35598754690024,45.19764708980901],[67.51016998142595,45.14760207711377],[67.52713011842265,44.44133374953668],[67.5074081072971,44.42015829909971],[67.49707798630493,44.358101002109144],[67.60234830025108,44.28308479940508],[67.6600341764319,44.29670333006118],[67.77481083957709,44.24969113161186],[67.77912904738697,44.219356585564476],[67.89302066910334,44.11492929702164],[68.16637426263013,43.97141279835675],[68.15486131723469,43.96311632733688],[68.06030243558185,44.026496689157774],[68.02634607472687,43.962493336544995],[67.96559638201552,43.9350195547752],[67.93951326080244,43.90847520133121],[67.92112384204454,43.875516705948044],[67.95495070500071,43.86998471259641],[67.9792877979591,43.80246959485205],[67.97146071019628,43.73695152576217],[67.91898229922548,43.70190099803944],[67.8987806419959,43.70501255316788],[67.88379830880271,43.7288865222744],[67.82392469965025,43.74366409911426],[67.83821031728779,43.63921924387468],[67.81383697514741,43.563049536779374],[67.7935492045004,43.56379071145138],[67.73411914421061,43.480175257603904],[67.75070465156922,43.47182027638913],[67.72503584009777,43.407283102558395],[67.6495199609663,43.375856899966486],[67.66717443283017,43.36714228413293],[67.65874551054885,43.331117427062736],[67.67778805510956,43.310094984798205],[67.68752199252097,43.31340038081102],[67.68423262893042,43.3535089741486],[67.70818874145125,43.367453050049356],[67.74710334655379,43.35911936316573],[67.7466081457831,43.3513738611621],[67.71554252369063,43.35389156069],[67.72922538810509,43.33847756952071],[67.79582449698948,43.32752429229133],[67.79092290258535,43.31094590662326],[67.8140090741295,43.29061613370651],[67.76772911383648,43.27514193549538],[67.78345612044089,43.27091385243188],[67.78376314370738,43.2561003555467],[67.83047801489764,43.253075638205466],[67.78651810539323,43.22500181385066],[67.87207927989378,43.21985924841995],[67.82532067009711,43.17533032313823],[67.8471533021387,43.187175005493614],[67.8650333507924,43.17885591760397],[67.48680110801637,43.03093709387561],[67.22110743374067,42.958778252442535],[66.97864531872852,42.827922804508894],[66.70145414647448,42.62376017908726],[66.55664057261306,42.694927076802415],[66.12013242520713,42.3980292708532],[66.10668598850164,42.40225125296269],[66.09919998573183,42.9621899621345],[65.82718887125154,42.86813252645408],[65.65107005064473,43.3035101340054],[65.29413142876969,43.5452790757635],[65.17023994729156,43.74354986112186],[65.13224001488582,43.77047003921802],[65.07810094884256,43.77667983700802],[65.01025994555874,43.766849856286946],[64.5138499931039,43.6003299815773],[63.91188001704544,43.62808004593041],[63.3813499831742,43.67338995433446],[62.01082995886844,43.4877098853497],[61.13133000670495,44.25993001860576],[59.028877679174926,45.36404886143338]]]},"type":"Feature","properties":{"source":"https://simplemaps.com","id":"KZ43","name":"Kyzylorda","code":"kyzylorda","backendName":"Kyzylorda","kind":"region"},"id":10},{"geometry":{"type":"MultiPolygon","coordinates":[[[[56.48475265372413,46.057392116308584],[56.56731032579224,45.88345334808978],[56.69496796012021,45.15834916188336],[55.999669999999135,45.00021999999764],[56.00059921975044,41.318050014793315],[55.86740001789425,41.322060059478325],[55.808850004041645,41.27788001347187],[55.76542998343834,41.29704994479551],[55.668419981683,41.28330993880369],[55.630629998398035,41.2689399946412],[55.60846999344131,41.240139978025724],[55.56797000133942,41.28381000448262],[55.557529908716425,41.28029697727049],[55.556810000487715,41.25944000163398],[55.537629998575476,41.2494799952231],[55.46615001726873,41.275700057922066],[55.238089983799235,41.46217994583808],[55.14605001745198,41.576630058183355],[55.071210016281476,41.708770054082706],[54.952959988451546,41.82012996171476],[54.95771999267194,41.9096399757867],[54.836009977338186,42.02237992525937],[54.45445001347374,42.22339004443669],[54.18904998858122,42.341469962305965],[53.95345000271441,42.336210009000716],[53.58610999014428,42.292679967045984],[53.42018999532256,42.258809984293194],[53.03272998858432,42.138779961228586],[52.959399999909806,42.10325999969229],[52.44143140101756,41.76545060025119],[52.48561448073381,41.86133324792688],[52.4911838371745,41.90828164038706],[52.476299433776816,41.978958193908525],[52.43539507315335,42.01978389607939],[52.44321708750976,42.06314058853693],[52.41894887602959,42.08253034885863],[52.4339970172058,42.16096009849093],[52.56859857480131,42.31076034829145],[52.6586451129292,42.47943637243102],[52.68017936807762,42.55856011722987],[52.669053691215474,42.604058103133724],[52.64428453110717,42.639586308153106],[52.553982622558095,42.72366401380741],[52.57602444508403,42.742526690172674],[52.56891291160639,42.725651522647205],[52.58077530311186,42.70642237031046],[52.671542125107536,42.63804101963225],[52.70261080828428,42.57597229958907],[52.74090888810303,42.62204324957296],[52.73736296557918,42.726555159590234],[52.650947537787516,42.75308267922399],[52.61635580902516,42.742484135986935],[52.63147268391406,42.760786743830884],[52.609840166301495,42.803901146710054],[52.4718770880636,42.83370792351052],[52.3508197039005,42.82973442766449],[52.28771969318207,42.786561097849386],[52.23266103063468,42.853056323426664],[52.18223866830328,42.87184365753923],[52.07281556532367,42.868405858789764],[51.91213182324554,42.82872266612062],[51.828869385163316,42.918467919441206],[51.78461885782557,42.98043189256565],[51.768028553891256,43.02515710769411],[51.65233938722673,43.10509035836761],[51.66735078539183,43.13304145118794],[51.64697227146567,43.18022563732064],[51.596644813011316,43.18348991942837],[51.48807631711022,43.15950351671007],[51.26828709367279,43.15116090279024],[51.27099477294676,43.21088173111864],[51.311106790192326,43.33409580035476],[51.31462978242126,43.414332790045684],[51.283980195025165,43.524951064679314],[51.26669257159087,43.561320844589616],[51.22004857372963,43.59320149558786],[51.21228546796283,43.610924560967426],[51.15479742795196,43.62556352494174],[51.066509142554764,43.75696952795968],[51.022749701335265,43.79579145087466],[50.98533889540745,43.94287416393495],[50.936884472417184,43.99418350985997],[50.88328591958664,44.01014866767316],[50.863614631990124,44.027403576204854],[50.871217313247946,44.09362072130123],[50.82463227857184,44.198813653781386],[50.7729067697377,44.2352945893804],[50.66640417648647,44.26926083119673],[50.38028983698745,44.29841730711623],[50.269959808873004,44.347651334988065],[50.235587416030775,44.39584714246551],[50.23286333600344,44.53929241758045],[50.21950467408109,44.581765081400704],[50.24754801490448,44.54111605905437],[50.25997029568919,44.542851501827684],[50.308732620289085,44.644593223971015],[50.45316990302766,44.62394971919615],[50.55614617609463,44.621530119178786],[50.588940302827254,44.63360506196517],[50.6257585273838,44.612509711074004],[50.72985101946816,44.60640321383142],[50.77634793220996,44.61243766828044],[50.807933910264815,44.63673848800562],[50.89949309733136,44.61154690293039],[50.947842998177684,44.562611224990626],[50.99807817333492,44.55839420694193],[50.98576451856037,44.541309258703095],[50.997401008360576,44.520698453429425],[51.09537426087553,44.475147830887],[51.19356042425976,44.47475172885663],[51.270798337522706,44.52469930579098],[51.2789450260435,44.541312616043776],[51.365477833179,44.55743457892604],[51.38212707229895,44.550981261195965],[51.369472351857794,44.52810779795021],[51.40837614978859,44.50890793179077],[51.43077152385086,44.512496355289635],[51.44243745406748,44.53158163248694],[51.49606857329344,44.514660777656765],[51.529193404366055,44.52298682998307],[51.53634421944163,44.5312541470894],[51.526701806489996,44.5474385878679],[51.428990447374744,44.58805161042282],[51.26518286963167,44.57956245353613],[51.2833778034443,44.60422609451221],[51.27974667248525,44.61785953469788],[51.249287096769315,44.60879067116857],[51.2515919643409,44.643044489656255],[51.16766815918576,44.74176105603799],[50.98154735336712,44.8341224744211],[50.97918342171052,44.821628287048064],[50.956398439336,44.8133251076313],[50.87474388097331,44.81138998393433],[50.839264567591705,44.82602550505683],[50.836750038518275,44.83609374931533],[50.87457933026316,44.82682114492418],[50.86410250435317,44.83766521727657],[50.8841208814696,44.87080004160931],[50.86724240964036,44.87978744197767],[50.86655815148922,44.896171594946026],[50.96092661314074,44.98260347947698],[51.003510587722324,44.996541591644],[51.05563225757873,44.99190201823604],[51.172062151373694,45.0647395032191],[51.24355061944065,45.049606239435064],[51.25068178547077,45.07772817627637],[51.23866554147136,45.1561742825332],[51.24896284035885,45.19213133491644],[51.315055460486,45.28760973481343],[51.40779008426197,45.35771320793005],[51.423653491236465,45.364834550852784],[51.45610717219026,45.34025854547857],[51.57481915872809,45.349521221342975],[51.69143566651378,45.39841457527421],[51.73514598470046,45.445245190054344],[51.93917984467578,45.3918793011581],[52.04467395845116,45.410895749808866],[52.13405582501297,45.399655482222286],[52.27514355799797,45.40645922699333],[52.4383320147909,45.43564527849891],[52.5707660854043,45.42081977681443],[52.60104244142889,45.38346138350641],[52.64116425241677,45.36204823000802],[52.68717631751162,45.358237081160546],[52.70162526595732,45.360152820187764],[52.70101957687371,45.369617729782675],[52.800931195698396,45.34640421377373],[52.80146816300916,45.356334808890985],[52.73268144610783,45.378323613558656],[52.75069543373648,45.3921674324604],[52.71120880708933,45.456570564137564],[52.719800262113424,45.492678244775455],[52.82199072288926,45.45035289665295],[52.874105856098026,45.44447244950382],[52.964119610997564,45.38558630976462],[52.97063199707468,45.39124412075931],[52.9246169780756,45.42075416230281],[52.87552314114377,45.473632537713485],[52.822593173098724,45.47534472444377],[52.80263376911622,45.497546955902614],[52.739933657773555,45.51858646028888],[52.7771835512269,45.55931107805013],[52.88613847772156,45.571713690129414],[52.86452179457605,45.616160777729164],[52.756078191102624,45.55896077512053],[52.74242157295831,45.579165738803326],[52.74718223054808,45.59713441806],[52.71634996892539,45.60003595266876],[52.742892854796196,45.60518591036169],[52.72463622470818,45.6179614970863],[52.77832297034479,45.640877488951645],[52.77632572111239,45.65584704635145],[52.81168360412933,45.65829614377299],[52.82278330488869,45.64332327289371],[52.86668649734087,45.62963748295376],[52.810252773121476,45.682989973041536],[52.76557985262937,45.70425252222809],[52.764141924544575,45.71326896679471],[52.8065071171764,45.72924435007573],[52.783535458861785,45.744898196617406],[52.814083334674706,45.75207518372859],[52.84048330039173,45.74378828145103],[52.863677574023846,45.75456342675464],[53.152557370912554,45.75090026253513],[53.180820475893825,45.82221606766323],[53.296985616926314,45.806694003012595],[53.620262135468714,45.89335629077689],[53.767326360003224,45.98649980123324],[53.67850875438034,46.00153730891655],[53.90489578901097,46.11721803922394],[53.96143341901485,46.186603570195594],[53.94783020387277,46.23483277568028],[54.100971231783994,46.216217070438546],[54.12192536306801,46.23748782025893],[54.31961058535992,46.252063719143166],[54.41530991460303,46.27910616569447],[54.56359481459539,46.27798460885881],[54.76145553786368,46.32606888352434],[55.15982436542625,46.34664533860547],[55.27149962170263,46.33110424288848],[55.50451278443653,46.49076842553515],[55.63005066851306,46.36735537472843],[55.69517516208375,46.340122197022374],[55.76337049459142,46.372352543570535],[55.813693984620244,46.368381455319394],[55.85066985867952,46.29135131124956],[55.83211136071057,46.23955154898429],[55.84980011527316,46.204067245373864],[55.974952709321656,46.167488130965026],[56.0279045083049,46.188613887071185],[56.07153702013791,46.174495703212735],[56.093441016797726,46.12073900277342],[56.202308660713655,46.0946769875985],[56.271991737757105,46.120525382492815],[56.3198318580475,46.08806994513305],[56.39457322240388,46.092571289122844],[56.48475265372413,46.057392116308584]]],[[[50.36797165903281,44.757702878441656],[50.352383996270596,44.775855124574015],[50.352315312501695,44.79311030595423],[50.34499760369263,44.81174976474808],[50.35424048103956,44.82863172783463],[50.360150427821885,44.82939805157614],[50.36486081516188,44.82337409624102],[50.36071684606723,44.80084714449971],[50.371403733063104,44.773248939228914],[50.36797165903281,44.757702878441656]]],[[[50.59320990147972,44.81160285930041],[50.59749906633452,44.80740859403887],[50.62245160756237,44.81793511324414],[50.637335992457274,44.81325944276941],[50.58755210552632,44.79058585603023],[50.57042810091364,44.775622723249384],[50.57512647771553,44.762198949887775],[50.567501025553476,44.76063693879642],[50.55929261043432,44.77682107264976],[50.570811181462744,44.805728823415166],[50.56167971497056,44.84704925444001],[50.566787204860404,44.85154113493807],[50.588039667193,44.831267594446686],[50.59320990147972,44.81160285930041]]],[[[50.66611335800878,44.93120817593741],[50.675769003805286,44.93030509474195],[50.70360874789282,44.94499630542606],[50.71167686202488,44.96423773444339],[50.71730439068788,44.95787718679005],[50.71543173932377,44.9462697098073],[50.72023117178653,44.93858290664671],[50.73386473061492,44.946174693168594],[50.73791233805095,44.940150501370105],[50.73695298250099,44.916062284635515],[50.73087934958344,44.8948455028192],[50.73633088570222,44.87998080374354],[50.78161605214633,44.86333492871379],[50.76506833675467,44.86285017008001],[50.72870528159659,44.87129427922343],[50.72156797058047,44.861426443177365],[50.68953302149253,44.856223361664625],[50.68832158905232,44.864127282782015],[50.71155510607858,44.87843849425623],[50.70543572414712,44.88344819627861],[50.69222761013644,44.881345946586414],[50.68408804021238,44.88580552722412],[50.699545422391374,44.90478259494477],[50.696192690566185,44.91604914828364],[50.66244241949576,44.91762398611756],[50.632205327756886,44.93850988884019],[50.619927219311606,44.953361803687265],[50.61838500273248,44.96128506864714],[50.63360669686064,44.973609172003336],[50.646926089562285,44.9764021305679],[50.64819977914361,44.97378944113382],[50.6326703393418,44.95918332417135],[50.634896648588494,44.95397102146911],[50.66611335800878,44.93120817593741]]],[[[50.08880723187991,44.993544685004366],[50.08312193644893,44.992445600848356],[50.055700665982236,45.00908169894073],[50.05416508113726,45.02695865595803],[50.06404042763168,45.028061553939274],[50.08866837492655,44.998080387354456],[50.08880723187991,44.993544685004366]]],[[[50.042227688954675,45.055198481348256],[50.07932001793444,45.04854551594875],[50.097976890708324,45.03957414602694],[50.09940033418653,45.03534717012186],[50.04664100682493,45.03033113341541],[50.02207482705294,45.006786498177206],[50.01968466607762,44.979119639175664],[50.034048550453235,44.95364013727196],[50.03896321759438,44.92230271181383],[50.05120196726069,44.9086757518373],[50.063041343249175,44.90771620610261],[50.069222989468926,44.91859302619068],[50.07393788093014,44.914857408024545],[50.074965926005895,44.90743515525871],[50.061554939610325,44.88757697116806],[50.06963887743017,44.87443108339045],[50.08624552077225,44.86236571748994],[50.14625141024866,44.84092301677509],[50.200042956907026,44.85547684079166],[50.20823172810561,44.85381000277856],[50.21110307968644,44.848342199774315],[50.198677446525295,44.8367085911472],[50.19154675856625,44.81830558969544],[50.18532222147113,44.81754539559907],[50.170666954514665,44.82950586846579],[50.14612670593906,44.82943714664893],[50.09863498160475,44.83699722810049],[50.06639086239932,44.85049345259954],[50.04593048088451,44.86807899653001],[50.027208746508585,44.894753858744004],[50.015873518323225,44.91314816361315],[49.993939788318926,44.97494835972199],[50.016335187161296,45.02345535453848],[50.013869987443655,45.0298164203115],[50.01790663524141,45.04703566080568],[50.042227688954675,45.055198481348256]]],[[[50.31013072404444,45.069915983146814],[50.31995654160084,45.06561043699248],[50.3348606129289,45.068108634763874],[50.35038350578372,45.06527319328205],[50.363961534198616,45.03956759965872],[50.35629012801118,45.01246720203664],[50.36523191626307,44.99878439755394],[50.36479641505177,44.99283182301189],[50.35274422237693,44.982109103501124],[50.33828868637018,44.96004430784211],[50.3373129858729,44.9421705721383],[50.32770649271234,44.927606861658624],[50.305268567859905,44.91639619251632],[50.29057400371323,44.915266466890934],[50.26978976399242,44.89911522364692],[50.26322806794631,44.88803518350543],[50.27130526697736,44.8725741681015],[50.26432120695002,44.868419584340856],[50.25227269373386,44.87539696378305],[50.24549179777685,44.896060094286284],[50.250599568449196,44.90585333149154],[50.24328504734141,44.92747274479893],[50.248883914132904,44.94114251003572],[50.257262587172086,44.94865704850677],[50.255474788419164,44.96532543557886],[50.249938186899946,44.97533456482376],[50.22614139816393,44.98948233605744],[50.23055502906489,45.009209392215155],[50.22051639010752,45.01697247635705],[50.215218764899625,45.03155895166613],[50.216807442678046,45.03651326042858],[50.23733913199173,45.050395314972576],[50.273080091789,45.04859124129886],[50.290299009999686,45.06175344899879],[50.31013072404444,45.069915983146814]]],[[[52.62808717131322,45.519113961409644],[52.63521507298076,45.518213591798265],[52.642739131103035,45.52847156975563],[52.65339004627522,45.53063254286416],[52.66512143189161,45.52457856809521],[52.683191645695466,45.482917913613164],[52.69263765200002,45.47303641771426],[52.693858922318555,45.451011005857076],[52.706042156666456,45.43073729681874],[52.70665114279945,45.42436898064341],[52.70033198045483,45.41684820757675],[52.70590135870598,45.39523205278016],[52.7037273036029,45.39038626760243],[52.66937782255177,45.38835949831261],[52.66753613735246,45.38621085178544],[52.672452326997245,45.380658676841044],[52.683338982784846,45.373946617771246],[52.68077529030576,45.370112525062765],[52.66449606886123,45.37202794171322],[52.62931479116239,45.38480730639196],[52.61870336756513,45.40680300202358],[52.5925492179347,45.43486930739935],[52.55800005889997,45.4586005681398],[52.54403566991621,45.475469127130125],[52.55466377525003,45.48671273061164],[52.60200505439245,45.512719513961706],[52.60479792025404,45.51718219107344],[52.58849250821576,45.52796409725932],[52.58669824929196,45.53736752033911],[52.611762150976354,45.53010208034975],[52.62808717131322,45.519113961409644]]],[[[52.71884218829428,45.64125981618068],[52.713762667231656,45.64572981833536],[52.72012439600244,45.65613515210638],[52.72840153463085,45.658787266101484],[52.754287201255856,45.65875122391389],[52.76152642448632,45.65372211077296],[52.73751356905768,45.64332327289371],[52.71884218829428,45.64125981618068]]],[[[52.74273250136229,45.66584701168126],[52.72971093927379,45.66359713157901],[52.72445682144077,45.66624547322796],[52.72934084741719,45.67059360678618],[52.73958942208383,45.671068751781526],[52.74273250136229,45.66584701168126]]]]},"type":"Feature","properties":{"source":"https://simplemaps.com","id":"KZ47","name":"Mangystau","code":"mangystau","backendName":"Mangystau","kind":"region"},"id":11},{"geometry":{"type":"Polygon","coordinates":[[[73.95217898175873,52.559547470608734],[73.55818937020501,52.57989498186066],[73.48725130502571,52.66228870621831],[73.40878304326165,52.65664306136225],[73.40041351055797,52.695110316734315],[73.26072686542811,52.699226267757986],[73.06638342861257,52.75480663565272],[72.93137358011523,52.724491091102145],[72.91410068518523,52.89936072368509],[72.8696746577279,52.92735667587979],[72.86885832376008,52.99752423793879],[72.85579680560814,53.03102873339669],[72.81482701943959,53.03131112978651],[72.78600302809045,53.00167831895857],[72.67045593645263,53.00204849802938],[72.57545475647623,52.9800148788258],[72.53318028911583,53.00422677617384],[72.33265680392876,52.97987355855493],[72.27874752070599,52.90866082155733],[72.03537756983664,52.89993679591041],[71.73480984907187,52.928565933020245],[71.71696477953364,52.96657572492426],[71.67211157177204,52.998569596615084],[71.67150111676375,53.03410331752586],[71.73785392033639,53.05183014424361],[71.70854944667293,53.10628118694983],[71.74085992063664,53.17420566678688],[71.78007503979056,53.21011728168556],[71.57550812542868,53.34702302302461],[71.57851413987687,53.38483054657898],[71.47561654444216,53.386333622839075],[71.43459319786223,53.350139612488114],[71.37501519247047,53.342960241012975],[71.34932715149041,53.321502799519514],[71.31796256744755,53.32149491766638],[71.28231805569533,53.29803074843193],[71.18664552886723,53.30152896783897],[71.17858123741418,53.31952667096619],[71.01760107102595,53.338207347562815],[71.03687294280762,53.39773573499464],[71.01544961038124,53.399662170389],[71.02178188317376,53.42591469733008],[70.59686275519473,53.42534249296476],[70.56180580721617,53.34040847124874],[70.4735260766907,53.33708204382388],[70.48876193557662,53.26499563493326],[70.38822173733166,53.2559547354409],[70.37493892491376,53.30324547241923],[70.27590184652588,53.38144693169242],[70.2732315591558,53.39974985076451],[70.23480232244553,53.399624007359876],[70.22161859323553,53.38541020411146],[70.01934812659734,53.383609739056254],[70.05686191999415,53.39963157688573],[70.05065149237684,53.42653264203176],[70.0976258166425,53.43256393311933],[70.08318326395134,53.457256272303766],[70.13273617611608,53.47050089273586],[70.12040706116879,53.5243033597748],[70.05055235538013,53.51160047150945],[69.92613219961603,53.530639643746234],[69.90231316097118,53.50815569613353],[69.86870574840569,53.521152493151874],[69.89308159602714,53.552135344959005],[69.88968661413585,53.653091484594086],[69.83337408636655,53.66300594174836],[69.83267203043884,53.71406157966822],[69.60865781735372,53.71575542798724],[69.57464600137934,53.69222260459838],[69.5195923291742,53.69102485888583],[69.4956054783537,53.66360093872372],[69.44296269567037,53.668388455860836],[69.41985317135354,53.61905281773252],[69.37725836272617,53.61636363571107],[69.39084620669644,53.57226935864888],[69.44120795220914,53.56512081583152],[69.4062118023237,53.51968374687152],[69.33798222974109,53.533260438094835],[69.3403320282473,53.57696532705388],[69.31996160939961,53.61384593522527],[69.28359992566203,53.61822904069842],[69.27281197136128,53.64518370901828],[69.21221922599833,53.65367887244745],[69.20415493535968,53.695156038452495],[69.11072531956845,53.70058807617054],[69.10615537579756,53.648410760658805],[68.96789548396764,53.64440150667772],[68.9629135419414,53.675308280125485],[68.86347194325927,53.67689125171659],[68.85852055381037,53.65529640868407],[68.78007511028544,53.659584112365124],[68.81098930216781,53.6271780512992],[68.79740898504757,53.611228811029996],[68.82514184852724,53.59376515320882],[68.80408480296842,53.575870559212326],[68.65386196838254,53.57819742162577],[68.65411369921823,53.530788293367834],[68.70282739148102,53.53126895946605],[68.6709441743349,53.49285499984821],[68.64537046891171,53.51389691638021],[68.59178926485616,53.49036410934178],[68.58885185374656,53.46488175982784],[68.5135574692237,53.45499045129635],[68.48832705273628,53.42737202786417],[68.56111151425233,53.366809962530425],[68.55996706513413,53.33400349219311],[68.61609657314315,53.32226576436717],[68.6428832411745,53.28176105940024],[68.7536696784518,53.277652629240144],[68.74081419496221,53.20613477025709],[68.81067663315119,53.202114211545464],[68.82581326832481,53.167106582748126],[68.81816857918672,53.12711704531758],[68.77947237573643,53.118923232465505],[68.83628086840208,53.07165154250909],[68.68231198794464,52.98579020852978],[68.7227096199624,52.88793557120092],[68.66695398778927,52.89363469730789],[68.75069420483527,52.835235465766715],[68.66389460223462,52.808586026570666],[68.63822932638745,52.81625358086636],[68.59335332303216,52.78772363795306],[68.56150058656611,52.789383005026984],[68.54028325086666,52.750774473372054],[68.49845878448653,52.75133881418813],[68.42790218722169,52.72429650489985],[68.4082183207079,52.664974094252614],[68.37630458903571,52.661720206608614],[68.34909057362776,52.613422389537554],[68.24008944941727,52.62318808005711],[68.1939468178026,52.60545345290961],[68.15743255350361,52.552856440280955],[68.01222227457907,52.55740353479156],[68.02861784597908,52.48723218328334],[68.0933914296035,52.476028464013396],[68.10063172840323,52.4433822903532],[67.9757766390639,52.36146920615506],[67.93775942870894,52.38052755268045],[67.90938567063634,52.34818647319657],[67.93010709267378,52.323581649490244],[67.8752899386193,52.286556285421725],[67.73756404981128,52.35842506878392],[67.60296630748006,52.39346313208693],[67.5424575970686,52.4377746887743],[67.32236477036741,52.43217461259844],[67.32807163449829,52.22278602840139],[67.12354280987746,52.267257736292414],[67.05490878325664,52.243709624711286],[66.94925692075086,52.251087235193346],[66.84738156873246,52.282005264727296],[66.53820804497543,52.28324515927544],[66.52798457917314,52.37720100239625],[66.3394775526549,52.35955431769881],[66.19357303497489,52.31703956256381],[66.11388397793,52.42655945960704],[65.95619968291781,52.43065650542285],[65.96746068936602,52.747943989296644],[66.07799526291537,52.76797859622038],[66.0660324310064,52.88227466851058],[66.09357456818938,52.880390252188455],[66.08257288915662,52.971591857030774],[66.03291316640133,52.97431556298209],[65.99768068474475,53.069625893799646],[66.04197697878364,53.10195932434771],[66.14204399722162,53.0998533825501],[66.21392065677693,53.13344586170603],[66.3568038414344,53.11774434585315],[66.3817595873842,53.18033589139648],[66.2334900261496,53.234092780739836],[66.22802727158687,53.50023256045166],[66.0568008679133,53.511287737973824],[66.01278681343241,53.58803930070938],[66.14402764491571,53.672408935771124],[66.13813021886556,53.83119207469027],[66.00583652173981,53.813137119097355],[65.9293805186069,53.96088146033542],[65.97715619526812,53.96889659117037],[65.96311468835282,53.99905087828216],[66.14982505005806,54.07523099286603],[66.31772841844929,54.10201913411311],[66.26681341974509,54.183289151846594],[66.19110120902235,54.18343101667424],[66.03168152649975,54.25145656410233],[66.08508851931495,54.258470735676],[66.17689483845062,54.2934608708505],[66.08489810575627,54.41926641058311],[66.10702527909017,54.443875345262235],[66.07383200419876,54.46963870771004],[66.10991248770917,54.48946007745569],[66.07887313118424,54.571266874007215],[66.07597290755538,54.630606987476185],[66.3445400537886,54.68900009776477],[66.65713998536926,54.73339997356459],[66.71739266478711,54.72539501785728],[66.79758107381154,54.76561002536024],[67.02671116363675,54.77409320371162],[67.09798992395173,54.80103986374863],[67.26015000920796,54.8167100164504],[67.2917399630712,54.827449958671075],[67.3139900508662,54.8667600906795],[67.38067001442327,54.850370025698304],[67.48646008841791,54.852480157281555],[67.55253053686316,54.838360213923416],[67.63756993126843,54.85281987801178],[67.76288993170486,54.883029879109166],[67.79346996442362,54.94217993715423],[67.86753004368404,54.97698007701169],[67.90905007073023,54.97590012461938],[68.01775773125867,54.94368224641811],[68.20985816179741,54.96001958112913],[68.21621006064257,54.97048010638052],[68.2058400712987,54.98761012503527],[68.2193199997967,55.02266999964366],[68.28794999883475,55.06916999796338],[68.20298999938782,55.12683999892995],[68.19519000103513,55.13607000180822],[68.20244999728313,55.15886999525666],[68.17778000222387,55.18714000388092],[68.29148999857813,55.1974599975234],[68.34338000426354,55.17785000742399],[68.38827000335355,55.19631000583287],[68.48230000501167,55.190090008706285],[68.57884000548626,55.20197000951438],[68.61743999912989,55.188999998491155],[68.63426999667188,55.20627999423347],[68.6473199965155,55.250899993970876],[68.70391999714853,55.27962999507388],[68.72800999587373,55.315289992880864],[68.72469001126981,55.340280019431304],[68.74127577607088,55.35106329821727],[68.84600915383814,55.33677846099987],[68.92280033453208,55.27636871491627],[68.94564131316103,55.27037424038954],[69.00628000404863,55.29416000696074],[69.01439999996177,55.307569999934024],[68.98174998957057,55.3548799820912],[68.91783939798835,55.370936588415894],[68.9163500029253,55.39989000502193],[68.93906998867628,55.42966998058175],[69.12725168844634,55.39422333597666],[69.18614342620752,55.32577137307516],[69.37312999020686,55.36613998328358],[69.4889599987086,55.34116999779776],[69.67386560576065,55.33403962009796],[69.80228153308894,55.29207834575152],[69.91168054574035,55.21161815036126],[70.05142000116598,55.18774000198019],[70.15028999974187,55.13441999956154],[70.21367761200362,55.13198475930914],[70.28665999898162,55.17146999827536],[70.39643749380699,55.198699147121715],[70.44607000322576,55.26554000543674],[70.47103074001299,55.2805900706272],[70.62814000543817,55.2582500091436],[70.7018299944151,55.288699990626554],[70.80119194935776,55.299909393845525],[70.82035893204127,55.294145412769986],[70.78893966216283,55.26546499565937],[70.78211837097567,55.24846344499365],[70.79317711827031,55.23316720638217],[70.96009200115525,55.10557810526079],[70.97714522231448,55.07798288884752],[70.97332116810774,55.01845164018136],[70.95699141925118,54.97349315116879],[70.97445801945663,54.946931409844],[70.94593256595236,54.887916817395556],[70.9899609579688,54.84864285012254],[71.00598068639616,54.77422884369683],[71.14414992857853,54.70548987899888],[71.2436385441102,54.69095090374087],[71.26467297826477,54.66172937407786],[71.252322283211,54.625349117689304],[71.14757412635862,54.59144932989406],[71.14121797772714,54.563750852714044],[71.14519690671865,54.48060320636258],[71.17103519027165,54.450992723818054],[71.16591923319365,54.41704132645286],[71.19801035449801,54.39952311259229],[71.19074989181598,54.319240523332304],[71.02970005539682,54.34852009495215],[71.01478878807275,54.332792419817345],[70.98003918616699,54.32505741474699],[70.97084065919486,54.30500674934783],[70.97714531017205,54.27012537386465],[71.05207595931509,54.263200426229254],[71.05636520149963,54.2234097418961],[71.04396288999567,54.18594438486328],[71.09744796187238,54.16506704538791],[71.16126832734078,54.10197007223128],[71.21038991723618,54.11089985751994],[71.28601001509188,54.149540025923926],[71.31683992444644,54.181369870394555],[71.35401992166273,54.18350986569761],[71.46660931395166,54.16223415704857],[71.4771146323113,54.1096697756118],[71.58480005310987,54.11671009093639],[71.65565006817043,54.1027101166561],[71.72092002886191,54.12000004931982],[71.7465700168304,54.13853002873384],[71.7253899926956,54.19210998754485],[71.76582866133826,54.247445595251264],[71.99586531267522,54.22771445305241],[72.09950558646456,54.13189064984206],[72.15510943833362,54.12837667137782],[72.1904561141568,54.15199279341112],[72.19470002117302,54.185210035874626],[72.08359994100903,54.22977990002349],[72.12731991612131,54.2889398581737],[72.03818992059804,54.356749865839056],[72.13789001073118,54.36385001810284],[72.17721961952407,54.35874001158892],[72.22187544911338,54.333222151564115],[72.25277803167444,54.303456654052624],[72.27612997525081,54.25607995819907],[72.32112997413611,54.24184995632553],[72.29856331584074,54.17839962949771],[72.4829447548104,54.13561142166741],[72.46988913932928,54.114275817576655],[72.43433999318654,54.11901998847121],[72.41762996210409,54.10639993584031],[72.36912007421711,54.10487012574286],[72.35840454336912,54.09297834851662],[72.36357226105584,54.05954382417447],[72.41331399367772,54.021806045996044],[72.37277063788412,53.93624380842411],[72.37297741911205,53.92006921258122],[72.39220103476296,53.908235281037086],[72.47674364782627,53.913402872954855],[72.55684214676344,53.9772233158569],[72.72205002572169,53.94949004356781],[72.7115699266001,53.992709875815294],[72.66519006216825,54.046420105081104],[72.59714966561376,54.05458276852882],[72.52062984179399,54.04691089938905],[72.54471009130151,54.10943015429326],[72.6123732610246,54.13353052847459],[72.9696749346812,54.099770213621085],[72.97676479912484,54.04770990633387],[73.02368699378867,54.03396396734405],[73.06275439387367,53.97908362416473],[73.36030730213614,53.93841429089076],[73.40160992782286,53.95571987889833],[73.40617236330381,53.97342177557596],[73.43348110586088,53.970660344028424],[73.4690345381332,53.94730267462352],[73.53566998732443,53.95188997876862],[73.52036663008718,53.98543778260273],[73.52751214476547,54.00908479113951],[73.58685675597694,54.01944289439271],[73.63135008163127,54.04235013618496],[73.64160009225704,54.05610015382767],[73.63331999937519,54.07472999895847],[73.67171855406069,54.0723000545814],[73.68493857341635,54.04843328735765],[73.73972165881801,54.05460523650346],[73.68287144937717,53.87412857048321],[73.6669588106609,53.86415411138291],[73.46507995951312,53.882419931978845],[73.39120982603669,53.828240168293775],[73.437821909741,53.808499670408146],[73.34738806330824,53.78762224151154],[73.3311618038108,53.775168457686384],[73.30656376696868,53.68566478341601],[73.24475875582128,53.67481273556751],[73.22036748903126,53.64308342222163],[73.25881479324129,53.60628986885953],[73.23059948326986,53.572338490477],[73.39120983521073,53.52024864800283],[73.34718134686231,53.45937352262444],[73.41095013536541,53.43002143152417],[73.43731951971779,53.44051624157535],[73.5136336688681,53.33916081803378],[73.5939406484262,53.26753983000004],[73.55928043352125,53.24218756422569],[73.4678498194589,53.26787582248019],[73.43804165498806,53.18068308100488],[73.45935827942472,53.091632953967924],[73.6135100927697,53.162979058725966],[73.6153183408128,53.18413169536494],[73.6760712388272,53.19341671794635],[73.68863672474306,53.17012777436142],[73.74646764685491,53.191642858231255],[73.79380796721806,53.14942547999029],[73.74017329031986,53.136222753878506],[73.74466706924326,53.11333468385004],[73.6830443607299,53.09472262219216],[73.6836013966198,53.0627861322853],[73.6248856304166,53.01205838105518],[73.58609000351197,52.96004090009437],[73.51815023943652,52.92978652530074],[73.54424279631584,52.914848219524075],[73.65790560773928,52.96342473257687],[73.6943129690742,52.921207289998115],[73.62069702633138,52.87277222622927],[73.63891606839482,52.793193907922756],[73.7809829591109,52.79463193740878],[73.84770206866997,52.887283398605014],[73.89271554000969,52.87899032131623],[73.9926528990156,52.901569376351446],[74.04773715445545,52.810127313978356],[73.995292702538,52.796169347547796],[74.00145714968642,52.741519816746546],[73.93898015644513,52.72988519356703],[73.94458773256598,52.633476299684844],[73.89916993199229,52.62181093037998],[73.85556039213795,52.67779937983557],[73.77764891254803,52.68291852561295],[73.7357788598648,52.71953973037177],[73.71206673544647,52.68379226268211],[73.75924682476895,52.60616302285359],[73.95571135521986,52.59431837298584],[73.95217898175873,52.559547470608734]]]},"type":"Feature","properties":{"source":"https://simplemaps.com","id":"KZ59","name":"North Kazakhstan","code":"north-kazakhstan","backendName":"North Kazakhstan","kind":"region"},"id":12},{"geometry":{"type":"MultiPolygon","coordinates":[[[[71.67035756564391,51.31037533535345],[71.6415416130873,51.33167057992375],[71.66781322550787,51.33988424794352],[71.68386816771141,51.35094283935122],[71.70632383207568,51.34760810308357],[71.6973655822025,51.33534476655628],[71.67161459907338,51.3165757403566],[71.67421765583025,51.31115566666617],[71.67035756564391,51.31037533535345]]],[[[71.35558283959291,51.297689900194044],[71.38509398854237,51.302328178347665],[71.40011191414807,51.26734272676734],[71.42813528812184,51.27465457754201],[71.45039038623058,51.27160137397125],[71.46850460411287,51.278452207770655],[71.47588179791443,51.28641209606125],[71.49850213577959,51.29010881773023],[71.49833531294647,51.28364322444468],[71.46954946605265,51.2614037671841],[71.55223560607054,51.24294041147154],[71.59411880206568,51.277646303895864],[71.61879500925309,51.248497808235285],[71.5742749099609,51.22038327611793],[71.58348469323774,51.202603687206064],[71.62187079894503,51.188579398004],[71.64538581115825,51.139925921144844],[71.68896788092444,51.140444063874334],[71.71489599423485,51.13138395127089],[71.70448097726202,51.11162372668327],[71.74232871365389,51.101405925878346],[71.73565798292933,51.0965033676359],[71.72443430440657,51.10342050835347],[71.70673958055816,51.09678536312627],[71.70864428528992,51.09319207209743],[71.69936468783462,51.08942917691752],[71.69393318718993,51.09355417569641],[71.68189200968396,51.09122921837721],[71.67910931721778,51.0853245326832],[71.61513359150257,51.09938028386465],[71.60378351365561,51.085779525948105],[71.55593779961904,51.048896699274465],[71.54770110102591,51.05091090195346],[71.50258689024692,51.04546598141089],[71.49802813016471,51.04258794243871],[71.50155292603868,51.03916410297682],[71.46250418735019,51.016587775848706],[71.4541933831147,51.000676567737926],[71.38178918339283,51.01298036825274],[71.3814389099361,51.00858871899791],[71.38093070280524,51.012968905362165],[71.31847371250369,51.023746923913535],[71.28661868180569,51.02242356518515],[71.25415019884215,51.0493959977857],[71.25395631171648,51.065082022391216],[71.24634638614164,51.06825197351567],[71.22193450669634,51.09861401278607],[71.23979662927673,51.13879538940977],[71.23615092424441,51.14955376700556],[71.24258150419868,51.15231110799751],[71.24276041685586,51.15755833209973],[71.25440770190451,51.15815703933019],[71.25297499825491,51.17588519209014],[71.26538320668297,51.174258112714156],[71.28189785713938,51.17933197595294],[71.27061711384226,51.18365492632303],[71.27250411489376,51.18911762831589],[71.25190257994387,51.19032106186002],[71.24217475380944,51.197703029101476],[71.244811890608,51.198479931921135],[71.24002298244778,51.201964671971815],[71.2427787787274,51.20679572752477],[71.23746611469453,51.20962001687263],[71.25723828151926,51.24117836492917],[71.26774189374692,51.24101038813505],[71.27318648228189,51.246745866390974],[71.30317930631229,51.23620101197331],[71.33500098418337,51.267070670047836],[71.3663796157081,51.27120089287297],[71.35558283959291,51.297689900194044]]],[[[71.76087919085842,51.14572238270861],[71.74685758913706,51.162145079461595],[71.74045336358431,51.16604282939902],[71.78511031496281,51.16556902827001],[71.7851910967954,51.15732495140319],[71.78242401340404,51.15045542534119],[71.76613648542381,51.14468537242991],[71.76087919085842,51.14572238270861]]],[[[71.30925159022084,51.263848481472024],[71.29809360387121,51.272763007332784],[71.30787831351364,51.277702825589806],[71.30611888329419,51.29096246838061],[71.32019519391059,51.29539058847869],[71.33622480978353,51.271700518523254],[71.30925159022084,51.263848481472024]]]]},"type":"Feature","properties":{"source":"https://simplemaps.com","id":"KZ71","name":"Astana","code":"astana-city","backendName":"Astana","kind":"city"},"id":13},{"geometry":{"type":"Polygon","coordinates":[[[73.65983582308132,51.27769853181421],[73.77187349100109,51.35486224402518],[73.7851943543204,51.42288581733342],[74.0215835164228,51.51248924564825],[74.12280272266166,51.49628064951872],[74.16299437704645,51.52656553765727],[74.21984862682109,51.52670668486609],[74.24277497035467,51.54842378023728],[74.14219665153578,51.58599089976491],[74.01998137067528,51.59195325398513],[73.97285458103335,51.66464990371034],[73.78578185302428,51.60866163939575],[73.79592132218792,51.7955856251612],[73.97113040556448,51.88543707365455],[74.03263857169553,51.891185798659315],[74.02009585245031,51.92109685086818],[74.01325222309713,52.53623956320689],[73.9560470794804,52.541336097436194],[73.95571135521986,52.59431837298584],[73.75924682476895,52.60616302285359],[73.71206673544647,52.68379226268211],[73.7357788598648,52.71953973037177],[73.77764891254803,52.68291852561295],[73.85556039213795,52.67779937983557],[73.89916993199229,52.62181093037998],[73.94458773256598,52.633476299684844],[73.93898015644513,52.72988519356703],[74.00145714968642,52.741519816746546],[73.995292702538,52.796169347547796],[74.04773715445545,52.810127313978356],[73.9926528990156,52.901569376351446],[73.89271554000969,52.87899032131623],[73.84770206866997,52.887283398605014],[73.7809829591109,52.79463193740878],[73.63891606839482,52.793193907922756],[73.62069702633138,52.87277222622927],[73.6943129690742,52.921207289998115],[73.65790560773928,52.96342473257687],[73.54424279631584,52.914848219524075],[73.51815023943652,52.92978652530074],[73.58609000351197,52.96004090009437],[73.6248856304166,53.01205838105518],[73.6836013966198,53.0627861322853],[73.6830443607299,53.09472262219216],[73.74466706924326,53.11333468385004],[73.74017329031986,53.136222753878506],[73.79380796721806,53.14942547999029],[73.74646764685491,53.191642858231255],[73.68863672474306,53.17012777436142],[73.6760712388272,53.19341671794635],[73.6153183408128,53.18413169536494],[73.6135100927697,53.162979058725966],[73.45935827942472,53.091632953967924],[73.43804165498806,53.18068308100488],[73.4678498194589,53.26787582248019],[73.55928043352125,53.24218756422569],[73.5939406484262,53.26753983000004],[73.5136336688681,53.33916081803378],[73.43731951971779,53.44051624157535],[73.58080007898779,53.52222013396975],[73.59615520095052,53.56187649907097],[73.6494100363995,53.559260061607496],[73.66979199829785,53.611325740938014],[73.73651170242412,53.609752135537484],[73.83369995742808,53.586309928185095],[73.90415007119094,53.63915606271799],[74.05804240254986,53.62458316909123],[74.06391885055974,53.556161984183824],[74.15138996372434,53.55111993900169],[74.1681697880418,53.597720656339916],[74.22330368536905,53.59461092778323],[74.2504855051607,53.55678380531782],[74.26949944185755,53.553367285243375],[74.2630945431554,53.530222099862684],[74.28575040089007,53.50519126790106],[74.28193001621747,53.48848002727516],[74.40394001304035,53.46108002191463],[74.48482996497276,53.580059941417574],[74.4416400403304,53.595080067459286],[74.47186998899458,53.683679981649426],[74.64128993339365,53.667009889134306],[74.68613002945793,53.75676004886798],[74.74267007393347,53.75129012257697],[74.77148995262536,53.759879921506474],[74.81161860843609,53.82011925801171],[74.97833464519059,53.813649132034925],[75.01684871621772,53.78452120371727],[75.03937997541662,53.79100995945254],[75.21724005814393,53.87947009541892],[75.47311004512419,53.979410073580716],[75.48249009608917,54.01067015652079],[75.3995170902771,54.07684380333133],[75.42922486570744,54.09008448798969],[75.49981491105962,54.102331864338],[75.64037470884426,54.09886938669662],[76.18380420223596,54.25157345428775],[76.17897181188765,54.26096513386594],[76.23246828082519,54.278578592820914],[76.20544004646923,54.307400042728354],[76.23424045297948,54.347433320285816],[76.43309135929609,54.31658248255574],[76.55790004725027,54.347380075142894],[76.65177000310759,54.34637000493616],[76.70838000968799,54.38018001536228],[76.7355199663982,54.41724994679228],[76.78822003809015,54.41989006026863],[76.90746633511479,54.45652191850999],[76.90355349389117,54.43259590471756],[76.88567353387585,54.42277751857333],[76.80474819514122,54.41011672036507],[76.75296840528806,54.376682060740485],[76.83420378046539,54.345676238463206],[76.8377177247106,54.296893604432796],[76.78232050215797,54.242374827565065],[76.76247676417786,54.20263567208667],[76.66460164725734,54.1340611176887],[76.63315220148837,54.13472973816688],[76.6085399814281,54.16068997032422],[76.55133001555929,54.154450024884966],[76.45717008316083,54.172500133098445],[76.39361053918485,54.16175984944743],[76.37438677269732,54.14775532248411],[76.47649948781874,54.042025479014875],[76.49520642249523,53.992312858278964],[76.52569544445862,53.96130688021946],[77.61276095077126,53.44278568387424],[77.8668021676505,53.27233077004759],[78.47648072240993,52.63792505928754],[79.28981754739362,51.70337449872797],[79.25661465617809,51.702217053688706],[79.19344330331619,51.61663819294698],[79.05659488701356,51.58784491315621],[79.08676150945418,51.53153997525142],[78.97161865263865,51.45162201008475],[78.94112394923134,51.47229764632311],[78.74825283671363,51.452613776012775],[78.75832366286109,51.39214323952142],[78.80228426814021,51.39917759728642],[78.78884120908558,51.35964577751957],[78.80256654915753,51.311725652205915],[78.75180813129023,51.32270806887789],[78.54990385727024,51.23895642908357],[78.42812346520525,51.21428678881981],[78.40415193353604,51.24597933751462],[78.35234833861813,51.228839892334335],[78.33491516614029,51.19185257889053],[78.23290250828957,51.15624996755005],[78.20462036521329,51.16677475730649],[78.12145998099648,51.11755756078237],[78.24150846944885,51.007198308615855],[78.26792909197631,50.90598681222394],[78.33709717822886,50.89225770790507],[78.38733675082139,50.84595874473962],[78.51832025556718,50.78884576344106],[78.4793789147751,50.79976692591392],[78.47383538084163,50.77951786636774],[78.45160760170144,50.769337902988966],[78.45769250309196,50.736579305438596],[78.52373580078293,50.68099480137913],[78.60840410187107,50.68408620329192],[78.71006579179495,50.707012270329784],[78.7347030707848,50.6963081479117],[78.69929505339589,50.475093858657274],[78.79340362833598,50.45442963191234],[78.81793975215223,50.328025807583025],[78.75577544699296,50.278770438054785],[78.57951355079125,50.079193116428804],[78.444641113359,50.0387268076507],[78.2811202995233,50.06488799913527],[77.84934997203153,50.1800422597966],[77.78991699346226,50.24573517064862],[77.72332000330746,50.22429274829974],[77.60721587791241,50.2754249514013],[77.68913268113532,50.34507368399142],[77.6349182062349,50.4803047058444],[77.46670532116035,50.54694366349231],[77.25959013982732,50.551757795488484],[77.08213043945844,50.67188645738893],[76.88717651627641,50.64029694010212],[76.77860260093588,50.57543945469353],[76.7119827307392,50.421997076815785],[76.71556854624974,50.32106018877975],[76.67759704965695,50.28107834570935],[76.56278992007044,50.3232383786318],[76.4542083705617,50.31443785968205],[76.37004851888847,50.28529357142724],[76.34880065923535,50.29967498843304],[76.29590607154164,50.220310219396616],[76.25029754909828,50.214370733732856],[76.11833953725115,50.26030349376506],[75.76016235423903,50.20135879544541],[75.7156906093342,50.23283385517421],[75.6684112542447,50.21840667559193],[75.65350341785214,50.188842772723724],[75.61528015156176,50.17507553204989],[75.31576538600167,50.18276215538244],[75.26814269882536,50.14304351579096],[75.05086517324503,50.047416687463816],[74.94578552225936,50.02852630649199],[74.92815399242637,50.05215454180859],[74.86254882836944,50.05547332870094],[74.8317642222308,50.127521517329185],[74.89878845167559,50.15485000538719],[74.89367675470194,50.17477797877594],[75.03332519360427,50.210754392375016],[75.04293059900232,50.20306395748008],[75.09580230237007,50.21315383030064],[75.08805846731954,50.23048781421122],[75.12104033947675,50.240627280514076],[75.10416412736282,50.27959442729947],[74.9861145003624,50.31199264193142],[74.95946502666156,50.35863113336694],[74.99304962169788,50.37156295743513],[74.91832733934791,50.458011640694075],[74.85874939898115,50.46089174074904],[74.71563720124027,50.55347823027997],[74.6416168279401,50.4426918159904],[74.58142853620022,50.5516548312908],[74.63524627719771,50.57726669336798],[74.58360289500983,50.62416074842842],[74.4126739500523,50.64283371009712],[74.40365602578932,50.667198217810856],[74.31840515193421,50.62821197674267],[74.17214966299048,50.62251664132921],[74.01571654814957,50.59632491190311],[73.8680648837673,50.70070648904854],[73.94964598110384,50.74585339621173],[73.90747831534766,50.78765102910796],[73.9333648835046,50.820945768840375],[73.98830411742087,50.82722850775833],[73.98750304999923,50.92649078029693],[74.00939179854453,50.9984512579877],[74.05878447111026,51.084297154480375],[74.01480100542358,51.12414165706792],[74.00988769831022,51.19775391205839],[73.65983582308132,51.27769853181421]]]},"type":"Feature","properties":{"source":"https://simplemaps.com","id":"KZ55","name":"Pavlodar","code":"pavlodar","backendName":"Pavlodar","kind":"region"},"id":14},{"geometry":{"type":"Polygon","coordinates":[[[69.46296727500082,42.479529635915284],[69.53155042233772,42.47851725720754],[69.59280692315316,42.45816775928283],[69.71684298702561,42.43835526681696],[69.70591631318685,42.4277546337431],[69.70711468155405,42.4152035527803],[69.73214768263189,42.413445455552775],[69.77795368463512,42.390219460674935],[69.77829640117307,42.3764420030035],[69.81795652591245,42.35559356635809],[69.81379372822109,42.347516572294076],[69.82408387918098,42.33994704666171],[69.87079188520786,42.33251916211859],[69.87258621219328,42.32594583123143],[69.89025730217736,42.32052220557669],[69.88153630348509,42.319427708927535],[69.88569569987699,42.311333399684585],[69.93545769068882,42.285246276139084],[69.92974480052601,42.276287401348604],[69.8833548948058,42.286451686679996],[69.8654958089749,42.268178323035265],[69.8329565038677,42.26021740993427],[69.82603440783333,42.26685772011756],[69.80266110762892,42.24912481961119],[69.83726330016772,42.21387060043081],[69.8130207027452,42.212467407064466],[69.81140770266369,42.20388680685712],[69.81752709774324,42.19574659418924],[69.82490838192365,42.19973015346862],[69.82267518358664,42.192561257737765],[69.81157920615463,42.19245681584984],[69.80006931275484,42.214350932827635],[69.78923642688261,42.19539986924551],[69.78212630507345,42.19745001306863],[69.78909902690712,42.21150446926988],[69.78486251816581,42.214452646764755],[69.75705182762117,42.19122507119091],[69.75226127398699,42.202373732974884],[69.75935632126016,42.23243615471666],[69.71088821830261,42.228566647143964],[69.69148770197246,42.191963905088535],[69.65836928554843,42.19856746270891],[69.64566108415264,42.17202245906245],[69.65374771688717,42.174476443614495],[69.64695559749484,42.16390129352685],[69.65424567756145,42.15979264201883],[69.65057840480695,42.153190212424576],[69.64137897086692,42.16128782471011],[69.61676709750014,42.16039739353704],[69.60853167210401,42.1431929278279],[69.62003548524902,42.13721396183466],[69.61176227621314,42.127645338428884],[69.57064801681852,42.13898214354247],[69.56618638062402,42.132006749820384],[69.54828908626659,42.13273866442555],[69.53800771626366,42.10855934217052],[69.54003417251798,42.12781882879118],[69.53367209751136,42.13694499355282],[69.51792712746246,42.13636577115953],[69.51333790913854,42.12392282369124],[69.48584488611434,42.121692363984835],[69.47543981012626,42.146257726245736],[69.45448659334537,42.14712278274709],[69.42563681069045,42.16684432770833],[69.41724788184268,42.19102165297175],[69.39554371895706,42.22018114906577],[69.33667387292061,42.229162829873594],[69.37017828393425,42.24942375844382],[69.35320969791303,42.27898939460558],[69.35218839220309,42.305113079865144],[69.34248212681563,42.32344036921623],[69.32184030452227,42.30975971168126],[69.31013400212663,42.31312240549353],[69.31129948222055,42.32317175408647],[69.30329450730729,42.32232141887267],[69.32311181030043,42.35165732656965],[69.30232899641557,42.356221490752766],[69.30296378049813,42.363560749700156],[69.3256361180575,42.375564846540264],[69.38067559202067,42.383069779455646],[69.39081691737962,42.3981246447174],[69.38656990557959,42.411359014350715],[69.40318562263106,42.42057705817587],[69.4311571175923,42.415004445213384],[69.43989670381826,42.420621709810185],[69.43104621878801,42.43286324825784],[69.46430860616037,42.444469615809815],[69.44874668712173,42.46702656696608],[69.46274111617977,42.472953541485076],[69.46296727500082,42.479529635915284]]]},"type":"Feature","properties":{"source":"https://simplemaps.com","id":"KZ79","name":"Shymkent (city)","code":"shymkent-city","backendName":"Shymkent (city)","kind":"city"},"id":15},{"geometry":{"type":"Polygon","coordinates":[[[69.03677367919205,46.00004576934359],[69.2253722986581,45.777088128542],[69.31528472896201,45.573604583909336],[69.45635985649588,45.32326887444542],[69.58290867118534,44.942524055027185],[69.64093775066031,44.88518511131434],[69.72807308512428,44.58300772773406],[69.82798001419157,44.13588707825553],[69.79346465030726,44.11964032392884],[69.77532962577031,44.0314637104167],[69.70617670975538,43.95070636375528],[69.69467926986874,43.8333435302602],[69.5784835508119,43.60280219975465],[69.57992557099166,43.58089836923458],[69.44509884895835,43.434604575105055],[69.55462646897806,43.41019440690632],[69.52924350852636,43.37744150455276],[69.57875828695651,43.27849972031367],[69.62863161588142,43.29756933459],[69.65016937690561,43.29305649774362],[69.64065557163059,43.254852428957285],[69.71190638069699,43.26577745753174],[69.81986240689729,43.21020899501757],[69.8537445667386,43.2678147847046],[69.87638089300962,43.26650231283331],[69.89575964309525,43.202953488774256],[69.98663333587555,43.199115839816145],[70.01039121577445,43.173046064122246],[70.05095677942018,43.1829720869183],[70.07415771044408,43.16149138266106],[70.05824281686198,43.1134071820198],[70.11033630408984,43.07859039322403],[70.1475372039155,43.096984795536585],[70.17389680581024,43.08114246538383],[70.13857272051692,43.033416816675285],[70.20680994137878,43.00685105471445],[70.18048100916454,42.98628247929231],[70.21424869331335,42.951744170749215],[70.2047271449823,42.8632277737863],[70.21038059747288,42.812820544102735],[70.23188020045505,42.794445069265734],[70.20717623749465,42.74616630317682],[70.31973269157707,42.696922366319924],[70.3894195934068,42.69985589796676],[70.40618898065644,42.667251626360425],[70.46414179735619,42.65094744874756],[70.47174837011941,42.61997990357771],[70.50568385047697,42.61159503197054],[70.55128474805427,42.554893388389424],[70.60787968046289,42.54333888034996],[70.67870330982316,42.454467777596385],[70.73843381886489,42.45659632679576],[70.7898025751163,42.43804937674453],[70.79868316688304,42.429969787705105],[70.77638245580371,42.38585665274089],[70.79924772716221,42.38368984256396],[70.81765748613044,42.344375648214225],[70.87177323586263,42.317145642756785],[70.8794999871762,42.25894996754629],[70.94021836747498,42.259198354415254],[70.90733998556671,42.226339963447174],[70.83903998166268,42.19393995346335],[70.79571902777018,42.209899526546444],[70.76255997136134,42.18660992722386],[70.67732046669809,42.10922049282108],[70.62335000169556,41.999160004345576],[70.60191000550125,41.997070014104914],[70.5591599918737,42.018729979167766],[70.55831997548526,42.054889937236425],[70.54645997329017,42.06951993163966],[70.43329999097418,42.13007997691135],[70.41049997369846,42.13047993269843],[70.39108997224008,42.08290992882893],[70.32262001793204,42.034360046097675],[70.33089002714259,41.97561006991263],[70.24030002417862,41.94116006243543],[70.19803001056044,41.90560002732085],[70.15974001690815,41.84430004386487],[70.05814637970612,41.79667819703872],[70.03894998573257,41.76340996281096],[70.02395115941513,41.76339964892167],[70.01334998087194,41.787879950168445],[69.99025001385137,41.78589003609924],[69.9521099746075,41.7187899336204],[69.92598999291992,41.70563998147519],[69.88545998779001,41.696839968024506],[69.83280002010515,41.71907005264638],[69.62107000390212,41.65802001027249],[69.53948999838504,41.59704999573336],[69.51490998070838,41.558429948942134],[69.45718001901892,41.54561005040268],[69.420880018061,41.52241004793194],[69.40684998469328,41.495999959327484],[69.43929000267794,41.47476995185753],[69.42314002291339,41.4549000609681],[69.30744002147505,41.45087005724509],[69.24206999732016,41.46227999285293],[69.18397943430647,41.44426441068281],[69.16148001086005,41.40679002906072],[69.11322993526774,41.38626992341641],[69.0885094612838,41.339969770565894],[69.06328997988126,41.33352994592966],[69.04621937939521,41.34422549605499],[69.04428798928977,41.31061497118127],[69.01340399130598,41.289568976576],[69.01721901438336,41.27341403877506],[69.04014501093486,41.2647400294793],[69.02099599741389,41.24589499302058],[69.02918199739122,41.22475799295416],[69.00009899063737,41.2388259747177],[68.98656400106215,41.210620002871586],[68.80419969122713,41.119152676125864],[68.71376111180356,41.032180832280446],[68.7423147105086,41.005747928758964],[68.75773908625202,41.01111286239173],[68.74956859056338,40.981647574150614],[68.66552505784951,40.95700497783289],[68.6452597183395,40.93632993169979],[68.61499996454296,40.930279497874814],[68.6119399903368,40.91305997339869],[68.59520132014579,40.91954687494068],[68.59361000753714,40.873890020788856],[68.56805000584549,40.861390016137534],[68.58832998984758,40.73555997182564],[68.63222998774323,40.722219965987385],[68.63194000472339,40.702220013118826],[68.6519500111111,40.67167003089326],[68.62387999535831,40.636389987068256],[68.64916926158502,40.62166915856391],[68.60805999395163,40.599719983117495],[68.53749999852276,40.625549995876916],[68.52388969551956,40.60638989715709],[68.49556000060629,40.604170001694534],[68.48444103365438,40.59111169072891],[68.2201332513719,40.699837771271724],[68.20182180745839,40.69766852085013],[68.07721779912659,40.788854897563674],[68.02348889711531,40.80069649195072],[67.97655220474317,40.83209301322487],[67.97275000515155,40.861870614345825],[68.00596619134035,40.86064307589452],[68.01250989906113,40.89051609739012],[68.09639638757125,40.93629926556137],[68.06321290189214,40.94564600524296],[68.08210369905406,40.95294509737974],[68.0756530113162,40.96057663133256],[68.08794380487117,40.970089013479424],[68.07399170400971,40.986129611090234],[68.08227541145672,41.00131003166352],[68.0554948893038,41.00903107043591],[68.08850080619595,41.03068951710121],[68.11997826605355,41.03376977054464],[68.12145391142177,41.043284034007705],[68.10610998640905,41.065559962551546],[68.08638999743738,41.04749999293143],[68.02860999258635,41.04388997953064],[68.00110998656079,41.11443996298769],[67.94305999719256,41.17221999228011],[67.93472001185624,41.19644912957346],[67.84635999521421,41.160239986814524],[67.77908998644706,41.20218996268744],[67.402830001096,41.21059000303251],[67.34833999956516,41.20058999879486],[67.31116999924463,41.21178999790666],[66.60610081251744,41.2514099014567],[66.53075998980023,41.89628997214762],[66.00855000728981,41.94350002002897],[66.01409000221271,42.35583000599225],[66.01643124626523,42.37841955930501],[66.10566868399694,42.347320377832546],[66.10668598850164,42.40225125296269],[66.12013242520713,42.3980292708532],[66.55664057261306,42.694927076802415],[66.70145414647448,42.62376017908726],[66.97864531872852,42.827922804508894],[67.22110743374067,42.958778252442535],[67.48680110801637,43.03093709387561],[67.8650333507924,43.17885591760397],[67.8471533021387,43.187175005493614],[67.82532067009711,43.17533032313823],[67.87207927989378,43.21985924841995],[67.78651810539323,43.22500181385066],[67.83047801489764,43.253075638205466],[67.78376314370738,43.2561003555467],[67.78345612044089,43.27091385243188],[67.76772911383648,43.27514193549538],[67.8140090741295,43.29061613370651],[67.79092290258535,43.31094590662326],[67.79582449698948,43.32752429229133],[67.72922538810509,43.33847756952071],[67.71554252369063,43.35389156069],[67.7466081457831,43.3513738611621],[67.74710334655379,43.35911936316573],[67.70818874145125,43.367453050049356],[67.68423262893042,43.3535089741486],[67.68752199252097,43.31340038081102],[67.67778805510956,43.310094984798205],[67.65874551054885,43.331117427062736],[67.66717443283017,43.36714228413293],[67.6495199609663,43.375856899966486],[67.72503584009777,43.407283102558395],[67.75070465156922,43.47182027638913],[67.73411914421061,43.480175257603904],[67.7935492045004,43.56379071145138],[67.81383697514741,43.563049536779374],[67.83821031728779,43.63921924387468],[67.82392469965025,43.74366409911426],[67.88379830880271,43.7288865222744],[67.8987806419959,43.70501255316788],[67.91898229922548,43.70190099803944],[67.97146071019628,43.73695152576217],[67.9792877979591,43.80246959485205],[67.95495070500071,43.86998471259641],[67.92112384204454,43.875516705948044],[67.93951326080244,43.90847520133121],[67.96559638201552,43.9350195547752],[68.02634607472687,43.962493336544995],[68.06030243558185,44.026496689157774],[68.15486131723469,43.96311632733688],[68.16637426263013,43.97141279835675],[67.89302066910334,44.11492929702164],[67.77912904738697,44.219356585564476],[67.77481083957709,44.24969113161186],[67.6600341764319,44.29670333006118],[67.60234830025108,44.28308479940508],[67.49707798630493,44.358101002109144],[67.5074081072971,44.42015829909971],[67.52713011842265,44.44133374953668],[67.51016998142595,45.14760207711377],[67.35598754690024,45.19764708980901],[67.16638183655387,45.30968856936984],[67.22994231525232,45.47525022738006],[67.23718262272311,45.58150102106283],[67.26452636702699,45.65355682406639],[67.34949492773085,45.76219175668188],[67.32092286450168,45.83071139551125],[67.16393280650588,45.91735841388337],[67.17249299351516,45.99823001049146],[69.03677367919205,46.00004576934359]],[[68.13862412264727,41.052217652472045],[68.13159299257731,41.055263113856896],[68.14240124296177,41.044028345138436],[68.14388959588958,41.05194780899729],[68.13862412264727,41.052217652472045]],[[69.46296727500082,42.479529635915284],[69.46274111617977,42.472953541485076],[69.44874668712173,42.46702656696608],[69.46430860616037,42.444469615809815],[69.43104621878801,42.43286324825784],[69.43989670381826,42.420621709810185],[69.4311571175923,42.415004445213384],[69.40318562263106,42.42057705817587],[69.38656990557959,42.411359014350715],[69.39081691737962,42.3981246447174],[69.38067559202067,42.383069779455646],[69.3256361180575,42.375564846540264],[69.30296378049813,42.363560749700156],[69.30232899641557,42.356221490752766],[69.32311181030043,42.35165732656965],[69.30329450730729,42.32232141887267],[69.31129948222055,42.32317175408647],[69.31013400212663,42.31312240549353],[69.32184030452227,42.30975971168126],[69.34248212681563,42.32344036921623],[69.35218839220309,42.305113079865144],[69.35320969791303,42.27898939460558],[69.37017828393425,42.24942375844382],[69.33667387292061,42.229162829873594],[69.39554371895706,42.22018114906577],[69.41724788184268,42.19102165297175],[69.42563681069045,42.16684432770833],[69.45448659334537,42.14712278274709],[69.47543981012626,42.146257726245736],[69.48584488611434,42.121692363984835],[69.51333790913854,42.12392282369124],[69.51792712746246,42.13636577115953],[69.53367209751136,42.13694499355282],[69.54003417251798,42.12781882879118],[69.53800771626366,42.10855934217052],[69.54828908626659,42.13273866442555],[69.56618638062402,42.132006749820384],[69.57064801681852,42.13898214354247],[69.61176227621314,42.127645338428884],[69.62003548524902,42.13721396183466],[69.60853167210401,42.1431929278279],[69.61676709750014,42.16039739353704],[69.64137897086692,42.16128782471011],[69.65057840480695,42.153190212424576],[69.65424567756145,42.15979264201883],[69.64695559749484,42.16390129352685],[69.65374771688717,42.174476443614495],[69.64566108415264,42.17202245906245],[69.65836928554843,42.19856746270891],[69.69148770197246,42.191963905088535],[69.71088821830261,42.228566647143964],[69.75935632126016,42.23243615471666],[69.75226127398699,42.202373732974884],[69.75705182762117,42.19122507119091],[69.78486251816581,42.214452646764755],[69.78909902690712,42.21150446926988],[69.78212630507345,42.19745001306863],[69.78923642688261,42.19539986924551],[69.80006931275484,42.214350932827635],[69.81157920615463,42.19245681584984],[69.82267518358664,42.192561257737765],[69.82490838192365,42.19973015346862],[69.81752709774324,42.19574659418924],[69.81140770266369,42.20388680685712],[69.8130207027452,42.212467407064466],[69.83726330016772,42.21387060043081],[69.80266110762892,42.24912481961119],[69.82603440783333,42.26685772011756],[69.8329565038677,42.26021740993427],[69.8654958089749,42.268178323035265],[69.8833548948058,42.286451686679996],[69.92974480052601,42.276287401348604],[69.93545769068882,42.285246276139084],[69.88569569987699,42.311333399684585],[69.88153630348509,42.319427708927535],[69.89025730217736,42.32052220557669],[69.87258621219328,42.32594583123143],[69.87079188520786,42.33251916211859],[69.82408387918098,42.33994704666171],[69.81379372822109,42.347516572294076],[69.81795652591245,42.35559356635809],[69.77829640117307,42.3764420030035],[69.77795368463512,42.390219460674935],[69.73214768263189,42.413445455552775],[69.70711468155405,42.4152035527803],[69.70591631318685,42.4277546337431],[69.71684298702561,42.43835526681696],[69.59280692315316,42.45816775928283],[69.53155042233772,42.47851725720754],[69.46296727500082,42.479529635915284]]]},"type":"Feature","properties":{"source":"https://simplemaps.com","id":"KZ61","name":"Turkestan","code":"turkestan","backendName":"Turkestan","kind":"region"},"id":16},{"geometry":{"type":"Polygon","coordinates":[[[54.52121422446004,50.53881866372625],[54.56121444484029,50.51411437448608],[54.496944426783635,50.46812438944571],[54.4585952767402,50.401409150902225],[54.36249161159992,50.3175811863019],[54.39939498664458,50.30311202391436],[54.445972440013676,50.21509551226123],[54.39525985670103,50.111335753220494],[54.44408416635993,50.10464858833353],[54.448204040617846,50.07535934300338],[54.51742935136452,50.05668639934364],[54.535911560064356,50.006576538167806],[54.489986461732634,49.94865428433015],[54.50089648323238,49.920192795663255],[54.40528108093056,49.81375125776916],[54.46467211308852,49.76865774763524],[54.35803224236455,49.76839832566882],[54.333232874192255,49.732696517596246],[54.26337810933107,49.67648687936918],[54.2941132043418,49.6504403367717],[54.19154736917401,49.61251442964103],[53.986862172738874,49.62132641947902],[53.9682617469674,49.574211196188166],[53.87471005421052,49.57612220647352],[53.79966351662224,49.53151314003241],[53.75686266787684,49.46466453458832],[53.69515232087674,49.482891185742496],[53.7327270157115,49.43494405715203],[53.67042926450367,49.28799447939966],[53.68008422623858,49.19527053041761],[53.45829009276362,49.057388285935325],[53.47944254394029,49.02155670950226],[53.327480298576575,48.990451764441374],[52.97976299536456,48.99481572604991],[52.91777039432289,49.01458361135261],[52.85926056374615,48.92668534637856],[52.77195354207062,48.948875311539],[52.79020692277174,48.71074298919945],[52.665782931834215,48.70911789993994],[52.599002815721185,48.51576607988102],[52.61803441566224,48.46957031177012],[52.54969782614987,48.43918976698385],[52.446189906719134,48.440322953339674],[52.22327039351229,48.52159112182866],[52.18575291453672,48.51598752809182],[52.143363914867486,48.47288502111704],[51.83317947221723,48.59954070480978],[51.87007517768869,48.61538300753554],[51.84514614835868,48.650401979987016],[51.41611480920377,48.696533209443544],[51.29934313304395,48.65774924657023],[51.09116362248022,48.643142663083],[51.037876173461385,48.527141702817296],[50.94629673008975,48.4902497472871],[50.90651702668853,48.49935530912199],[50.810699494200435,48.43947229122089],[50.747726472366686,48.44031152882233],[50.19829179650917,48.178314262460034],[49.99971011740538,48.033615218009516],[49.826473241006674,48.03275682048022],[49.772136647725944,47.996723050178524],[49.45584489308701,48.001518293931404],[49.46663281817885,47.89454261632103],[48.96946713355131,48.012615111285264],[48.69252017509039,48.06234370158906],[47.822498347606924,48.14879234915555],[47.31799320755119,48.2137757758882],[47.152067727900615,48.26600978404747],[46.93742330905249,48.314159597049645],[46.924590044097016,48.33759014320257],[46.80570001844877,48.34763006004082],[46.49186025653523,48.443010506730225],[46.77848997288049,48.938529913659124],[46.93761003111509,49.00367009847008],[47.00376003113603,49.060520098173974],[47.035738840837794,49.11292026795217],[47.05134270911826,49.16558832859883],[47.00429592411507,49.222572302859675],[46.91458388434122,49.28290465097885],[46.782242081388034,49.33987684170586],[46.83722203210069,49.60657129930212],[46.86070488485655,49.66709882432794],[46.90255518947043,49.86378056783234],[47.1824620330701,49.93495940011478],[47.35354659953227,50.09434219859854],[47.31771289993892,50.15201359981721],[47.25747330065099,50.191746201944774],[47.322310017106815,50.237399798339524],[47.29201730232756,50.28368030692312],[47.306571100079786,50.30907750023679],[47.33987779766533,50.331956193076955],[47.406683201616936,50.33637320478677],[47.41886170252347,50.36497970746005],[47.47236370038359,50.41992810112999],[47.54168469767466,50.460651893171494],[47.61254079884407,50.463962596610585],[47.63738269737491,50.455209292304474],[47.630398699558214,50.443691198704116],[47.64901909984093,50.4481860995338],[47.64034780077904,50.4358880022851],[47.65331739851426,50.421756295640044],[47.675086004017956,50.42057491178543],[47.6633853968859,50.408554690858004],[47.743322193693174,50.37836838149249],[47.73973600111181,50.36673189747635],[47.7652576631301,50.33969503622713],[47.82788870426817,50.330326912527454],[47.81944779894038,50.31302009688699],[47.937748602784964,50.24448400818581],[47.9608531978446,50.20367339365595],[47.88513280044152,50.14965790130462],[47.918235778746116,50.117328643249124],[47.98625040292021,50.17372462715558],[47.989930203372175,50.148959869097084],[48.042161458551135,50.11033970372516],[48.08482000112754,50.10181000332458],[48.11689012234985,50.04427961653283],[48.12926022141981,49.99424172952346],[48.21688996945768,49.909369909419226],[48.23587812142996,49.86890334761008],[48.31181003940022,49.868590116830234],[48.348060022300736,49.828920066191706],[48.37708995455001,49.837419865228725],[48.42937456083861,49.809758703130065],[48.43326004541008,49.83798013449299],[48.735000011611255,49.926750034043835],[48.877549388426985,50.02335113778715],[48.85218869547687,50.08566027957595],[48.78909999872931,50.09389999630591],[48.75525999896499,50.110499996990896],[48.779379996680454,50.18020999038389],[48.70042999694346,50.28985999117332],[48.63605999388374,50.542269982504095],[48.650210006227375,50.57291001778519],[48.635220001650325,50.59841000470959],[48.57061142835231,50.62141947337583],[48.55833999506201,50.648419985914934],[48.57839999139898,50.66392997549179],[48.6327899867309,50.66288996223173],[48.70053000022613,50.62319000064369],[48.77786990146074,50.61924998625139],[48.824750005350865,50.60034001520957],[48.86781987494982,50.632769900257934],[48.93868000690413,50.65878001953187],[49.092969990764146,50.783469974087275],[49.228581705922615,50.81325087945514],[49.27371001004559,50.83801002801764],[49.410910012772334,50.858430035494415],[49.42146000193643,50.877650005375955],[49.41234000977252,50.896330027115496],[49.370079995184604,50.95815998666061],[49.323320000936874,50.99793000259309],[49.37859999209597,51.05595997819425],[49.37124998842046,51.09683996810198],[49.41509998711842,51.11006996456579],[49.42049988498737,51.12958983770991],[49.50407897043216,51.10834037604336],[49.59437000952478,51.12464002609024],[49.73599968193555,51.114719970428816],[49.934189985931,51.23425996188978],[50.220309991993005,51.29427997848445],[50.36763999809913,51.340309994916204],[50.33379001869818,51.38382004995493],[50.37222997461348,51.40864993229287],[50.349803653850074,51.433240987429954],[50.460630025742645,51.4393400684555],[50.46386000688865,51.47469001829233],[50.51157941461563,51.47490004941823],[50.51404002445591,51.48963006483874],[50.49052999647986,51.523409990674985],[50.50019997196164,51.573229925879254],[50.51419000189748,51.6012700050092],[50.5474600264237,51.601580069711325],[50.56764999382447,51.64243998373909],[50.716818372270886,51.628440062243236],[50.71750998331243,51.60936091143548],[50.665839449528235,51.571440445884704],[50.75458147926615,51.57792178962541],[50.77697703848617,51.59213915991338],[50.7930199854786,51.66138996196014],[50.737660007278365,51.68744001906785],[50.73102000663954,51.72594001737165],[50.7430999789372,51.76484994498488],[50.86263002671359,51.7394200696765],[50.889539997615955,51.68048999377058],[51.02223996457774,51.6854300078622],[51.04338824520982,51.6747623927722],[51.15400997850426,51.670419944107365],[51.266780022107845,51.689740057315596],[51.29109999082844,51.67722997622191],[51.295090860753355,51.66286970026609],[51.35856045728191,51.65332766467261],[51.36034999657481,51.57037999109584],[51.2420400084621,51.555710022061014],[51.27594000481262,51.5234700125536],[51.27564043652012,51.500309792357456],[51.313560006200646,51.490130016183066],[51.42888897892708,51.48257022657629],[51.51913997723094,51.51070994085853],[51.54459976818206,51.53285159825778],[51.54372185701803,51.55611085118264],[51.56594000350531,51.56109000907878],[51.58559923566047,51.53456011166007],[51.62721101143375,51.53415900844269],[51.646010020196954,51.514520052324144],[51.62380400026253,51.49098363995872],[51.63296304774366,51.46993249070843],[51.67000001617492,51.47378004194973],[51.79512001605552,51.52312004146126],[51.75652002863794,51.590700073818795],[51.775389989183175,51.619099972157855],[51.857340011976845,51.68329003070418],[51.949930000536284,51.679470001372536],[52.02200667387936,51.653463105226884],[52.10755002110093,51.65633005389048],[52.16092997900753,51.68608994650108],[52.17359001601944,51.71937004076443],[52.26123002256744,51.717490057334196],[52.303440003893265,51.736310009875574],[52.30139999754569,51.75844999377875],[52.328149998159255,51.766069995338185],[52.36216032899604,51.75366935843293],[52.3829900218119,51.656820055412105],[52.4417888017655,51.60851090214998],[52.469440025359894,51.56748006453758],[52.50427003071684,51.54699982591729],[52.51397999568519,51.50880998900403],[52.554329978020846,51.49192994399411],[52.550579997415056,51.46449999340587],[52.60241001998293,51.474910050905315],[52.60123999904106,51.45732999755517],[52.633150023487154,51.45594005984112],[52.62276001927979,51.47039004910376],[52.65214956331719,51.466739921624274],[52.655418838370274,51.49113758014588],[52.66446083078758,51.49200933681755],[52.68287805302983,51.46131672086306],[52.69201078608054,51.46820399724808],[52.685949984354124,51.47926996021244],[52.752572855214,51.49047571623065],[52.74702998004831,51.50708994937574],[52.77064986962047,51.50639271579917],[52.77884001305267,51.52564003307529],[52.78425953424237,51.508580701725045],[52.81599962971396,51.509609917416874],[52.81876002244284,51.49830005688657],[52.89783003014299,51.50312007627644],[52.868770006898956,51.48638001747868],[52.873749958071215,51.47499006281788],[52.90844999866114,51.478549996609644],[52.915620028479765,51.49836007205686],[52.931499268923496,51.49808015768865],[52.92931000067443,51.48551000170658],[52.95739001291666,51.459840032702644],[52.95854869553872,51.476232438936584],[52.98754596812832,51.47368049641807],[52.98200164852973,51.485219945103296],[53.060980027898474,51.49038007041389],[53.078600759387704,51.50123003495526],[53.11798999119383,51.48847997779585],[53.164240092889855,51.491360129394536],[53.14473000657075,51.51489001654269],[53.148431291393486,51.525479816912124],[53.17505799740798,51.52110041099328],[53.19461999774372,51.536149994329385],[53.20305999942198,51.532759998547164],[53.19694997506316,51.51269993727512],[53.26553998663299,51.508209966415194],[53.28201999437637,51.48699998586296],[53.33156000544136,51.511450013652954],[53.378770017355,51.51401004350273],[53.497680026256354,51.439650065856604],[53.57844997861561,51.428709946421264],[53.604982129666936,51.3986795658752],[53.63460027872223,51.389009256628455],[53.639969996712445,51.37707999175584],[53.608841360169656,51.363937079942325],[53.63011002699586,51.34627006778888],[53.60841023448248,51.306419688603285],[53.65390998909586,51.2698299725486],[53.659050004637486,51.24126001168689],[53.67730000104308,51.227060002629386],[53.70767998953855,51.228919973647315],[53.75275797725826,51.20473786116008],[53.80898001367108,51.2136200343934],[53.85062000864883,51.1916200217605],[53.896069993851455,51.20240998454945],[54.03352832518596,51.16293028910125],[54.05925999182028,51.13506997945308],[54.13988000910383,51.110460022856635],[54.15327998575735,51.08896996421955],[54.14187955042647,51.052940720621834],[54.16207001191561,51.06653002995652],[54.19072000610345,51.040200015352234],[54.19206072398732,51.03109135124208],[54.16603000413494,51.02015001041389],[54.182329988691066,51.01077997151625],[54.18151999485712,50.99648998703881],[54.20642000033599,50.99038000084633],[54.20163000206752,50.97357000521328],[54.23781001488874,50.9551100375459],[54.29742000389148,50.8848500098302],[54.44328000801011,50.872010020191226],[54.512770003317506,50.84840000835973],[54.51589980430626,50.83001981657677],[54.46770999893525,50.77893999730655],[54.452269990505506,50.736589975936575],[54.46422001053019,50.70014002672186],[54.42262999855701,50.632909996324884],[54.43999999906354,50.603219997613124],[54.52121422446004,50.53881866372625]]]},"type":"Feature","properties":{"source":"https://simplemaps.com","id":"KZ27","name":"West Kazakhstan","code":"west-kazakhstan","backendName":"West Kazakhstan","kind":"region"},"id":17},{"geometry":{"type":"Polygon","coordinates":[[[67.94768525028043,50.55104066594827],[67.94157409580177,50.606689450552864],[67.87097168782599,50.66799546895804],[67.93161772407345,50.657833072653794],[68.07553861925761,50.68038174301234],[68.16579437697794,50.6320610130883],[68.38764191467699,50.733280197493556],[68.50684355143183,50.76419827167408],[68.5400085611902,50.80045703351287],[68.85176086136302,50.80678176372974],[68.83772278138632,50.58230972983231],[68.78964996938953,50.56380845391104],[68.8092269948551,50.47925950084256],[68.76439666982105,50.43455124473351],[68.72313690431979,50.31216431174217],[68.65100098151137,50.25888062425385],[68.68145752433574,50.22197342790352],[68.76688385239646,50.23765945891163],[68.78533172656456,50.210865022157996],[68.84472656244498,50.20895385791186],[68.97071075302361,50.15800094399764],[69.1029815632496,50.19968032033777],[69.1451187171571,50.17617417249665],[69.17202758436625,50.180389396576764],[69.18569183054679,50.22365188099897],[69.15687560598882,50.2459754858275],[69.16416931143655,50.278953550853835],[69.19429778683823,50.25187300752741],[69.24346923996096,50.25374222198891],[69.32230377219221,50.287155151389534],[69.28366852580517,50.35702134779713],[69.42446899538226,50.403274538786384],[69.44573210997673,50.34793470881309],[69.47270964970708,50.38235472331173],[69.50404357830995,50.38261031960918],[69.54165648617062,50.328781112193276],[69.57183075476834,50.306335458631544],[69.62522125622831,50.30226517553563],[69.6046371422826,50.218536369465966],[69.6675186171028,50.22747802923207],[69.71170807361217,50.21980286533262],[70.10498810173097,50.2844352794862],[70.13732910072676,50.229621884440014],[70.18391418573978,50.23778152648538],[70.20729828085011,50.20779800771915],[70.11605834920162,50.124149321386874],[70.11026000918797,50.05230331235396],[70.17505645839748,50.032459259805556],[70.39938354337356,50.11264800672575],[70.51352691644638,50.1249542228879],[70.54807281907614,50.16337586217013],[70.48701477524376,50.26497269547595],[70.70179748133388,50.32761763771952],[70.77886199996242,50.24691772492512],[70.78768157929741,50.455249784613905],[70.86108399203042,50.461734787820355],[70.87226866993149,50.47823332308631],[70.94646453851159,50.479087829039734],[71.0839835163309,50.53800188315077],[71.06225719086785,50.567414395095376],[71.14094543321588,50.60809325852026],[71.23207093123337,50.60062028604171],[71.26421356336941,50.640960695662244],[71.33541107305558,50.64025879104994],[71.36878204825388,50.73465348315994],[71.52294157584086,50.776214574650716],[71.52343751230853,50.799911522687346],[71.56964874339116,50.80565643375203],[71.58388517825718,50.777072877624924],[71.65110779953635,50.79058077217014],[71.66309358343074,50.75668719561467],[71.74137115417435,50.75762176341299],[71.85457612557286,50.693908719037864],[71.77967071677011,50.63486099541736],[71.81097412117991,50.62781143234719],[71.81904602586805,50.60699845340466],[71.78737641306992,50.57718660155193],[71.80480957297897,50.52998352677466],[71.71096801075795,50.451889023895376],[71.77611541057368,50.43428419748675],[71.8059082094298,50.46676636949756],[72.01940154014021,50.47899244290178],[72.14326476459543,50.41971586858442],[72.13156127295436,50.44993208629333],[72.19876861173553,50.46409224675495],[72.17846680591565,50.55414583017635],[72.25425719927252,50.570026392754336],[72.29308318305024,50.60976408374414],[72.40666197878407,50.56232450822644],[72.49629975018217,50.590690624839944],[72.38637542661465,50.634738921261885],[72.45664979177121,50.67590334247618],[72.43243409186246,50.70074464781874],[72.48281859308346,50.728561380208674],[72.52046965128288,50.71815869397252],[72.52677919407299,50.7533722282668],[72.67669675662403,50.754833182337606],[72.740287778185,50.80667876667465],[72.71708679663621,50.825061806766584],[72.72572326457306,50.84080504941416],[72.76338196667055,50.84433366537203],[72.82840727924422,50.91130445752655],[72.98840331629494,50.87068175603317],[73.0291213860348,50.91168591967458],[73.12282561158108,50.91540906660632],[73.17765044936361,50.93298339306757],[73.14279936970809,50.98443983638041],[73.41541288235913,51.03847118367366],[73.56996153678604,51.12205121829054],[73.43787381938786,51.16316219292859],[73.37995147541677,51.165180203073575],[73.32855222756737,51.096168483812434],[73.2881851216091,51.1095848109845],[73.30299376309192,51.1322707927907],[73.24282836176917,51.21882628063818],[73.1985015990537,51.2290230022783],[73.21683500564117,51.281246154834065],[73.26375578795809,51.29378889150344],[73.29252622667889,51.26305004522638],[73.37304688588485,51.274986287033926],[73.36080930813148,51.29647442413456],[73.39085387247908,51.301639539498595],[73.41796110557266,51.2474250505918],[73.48636626531167,51.30846785272476],[74.00988769831022,51.19775391205839],[74.01480100542358,51.12414165706792],[74.05878447111026,51.084297154480375],[74.00939179854453,50.9984512579877],[73.98750304999923,50.92649078029693],[73.98830411742087,50.82722850775833],[73.9333648835046,50.820945768840375],[73.90747831534766,50.78765102910796],[73.94964598110384,50.74585339621173],[73.8680648837673,50.70070648904854],[74.01571654814957,50.59632491190311],[74.17214966299048,50.62251664132921],[74.31840515193421,50.62821197674267],[74.40365602578932,50.667198217810856],[74.4126739500523,50.64283371009712],[74.58360289500983,50.62416074842842],[74.63524627719771,50.57726669336798],[74.58142853620022,50.5516548312908],[74.6416168279401,50.4426918159904],[74.71563720124027,50.55347823027997],[74.85874939898115,50.46089174074904],[74.91832733934791,50.458011640694075],[74.99304962169788,50.37156295743513],[74.95946502666156,50.35863113336694],[74.9861145003624,50.31199264193142],[75.10416412736282,50.27959442729947],[75.12104033947675,50.240627280514076],[75.08805846731954,50.23048781421122],[75.09580230237007,50.21315383030064],[75.04293059900232,50.20306395748008],[75.03332519360427,50.210754392375016],[74.89367675470194,50.17477797877594],[74.89878845167559,50.15485000538719],[74.8317642222308,50.127521517329185],[74.86254882836944,50.05547332870094],[74.92815399242637,50.05215454180859],[74.94578552225936,50.02852630649199],[75.05086517324503,50.047416687463816],[75.26814269882536,50.14304351579096],[75.31576538600167,50.18276215538244],[75.61528015156176,50.17507553204989],[75.65350341785214,50.188842772723724],[75.6684112542447,50.21840667559193],[75.7156906093342,50.23283385517421],[75.76016235423903,50.20135879544541],[76.11833953725115,50.26030349376506],[76.25029754909828,50.214370733732856],[76.29590607154164,50.220310219396616],[76.34880065923535,50.29967498843304],[76.37004851888847,50.28529357142724],[76.4542083705617,50.31443785968205],[76.56278992007044,50.3232383786318],[76.67759704965695,50.28107834570935],[76.71556854624974,50.32106018877975],[76.7119827307392,50.421997076815785],[76.77860260093588,50.57543945469353],[76.88717651627641,50.64029694010212],[77.08213043945844,50.67188645738893],[77.25959013982732,50.551757795488484],[77.46670532116035,50.54694366349231],[77.6349182062349,50.4803047058444],[77.68913268113532,50.34507368399142],[77.60721587791241,50.2754249514013],[77.72332000330746,50.22429274829974],[77.69623565232406,50.165039053490645],[77.55332947002225,50.08793259069928],[77.46647643993572,50.01796340888168],[77.32571418990806,49.97949614747388],[77.28029632071592,49.955978384242314],[77.189521711608,49.959358070092804],[77.16122430496893,49.881214030609414],[77.1901550969485,49.852050907195455],[77.16347497686996,49.788902170978254],[77.19083403345643,49.744743325460625],[77.17098996218695,49.693588204975185],[77.07319639730468,49.6041679122516],[76.56975547962529,49.469932414447165],[76.55518333221148,49.41191848965294],[76.6326217364278,49.352203314396576],[76.63497923646774,49.31794355093053],[76.7216796541071,49.30149835008047],[76.86820984216476,49.21910477306254],[76.86767580069575,49.15483859983006],[76.95122524757001,49.12588494578422],[77.04521946825247,49.056823820909386],[76.94756325001738,49.030380401376895],[76.93062599225208,49.05082335895594],[76.84642794667364,49.02307134631432],[76.85385900595003,48.98584377008605],[76.82967374652088,48.91991420627339],[76.89685059201518,48.826904308700726],[77.31405638906517,48.86680601660366],[77.34986881733016,48.785278403930796],[77.30998229661199,48.67807769140642],[77.3094100925635,48.63274764525025],[77.12509159517742,48.50865944580736],[77.04642482882709,48.52846519799776],[76.9923171970807,48.52834319526272],[76.93933863436875,48.49784078328324],[76.94943236699567,48.44539641115651],[76.87046057356103,48.42606366359026],[76.90710449283546,48.380474092652506],[76.9951247702477,48.34873571650748],[77.00844575816569,48.30787280798533],[77.16603856238245,48.309311010619766],[77.20977016234148,48.29733649763543],[77.18991852637372,48.26216890057631],[77.09935755187253,48.26257313670649],[77.07339476085924,48.20811841090957],[77.20481873222822,48.128627789386364],[77.30274969100964,48.135376090207394],[77.37790681077257,48.09396746138899],[77.19173425108873,48.050548427516446],[77.24748988045386,47.993842982046566],[77.1776276366822,47.99502959628059],[77.16578667281564,47.91287598828794],[77.1173096090332,47.910724718312174],[77.06740577378845,47.7712747138277],[77.0040054984137,47.679275647493974],[77.02339165370661,47.63920197549557],[77.05043786239798,47.635421622063156],[77.1009521406787,47.480216965095416],[77.10748288555786,47.42678446515933],[77.01908111813401,47.45861816835172],[76.91722103174048,47.44535819988051],[76.92768098877569,47.37177280648992],[76.88354494039451,47.30176547976666],[76.80590818695643,47.27962490600385],[76.89279177669141,47.25074773999491],[76.94661715272521,47.18648153102216],[77.04661557235622,47.1364936240138],[77.19048312985129,47.09954841583122],[77.24496457141605,47.18959039538342],[77.30102541987497,47.212108671128846],[77.4701766600868,47.164623184464894],[77.57600400860588,46.528476674635236],[77.14928438384833,46.512935681649715],[76.76520537515346,46.543186171503145],[76.03475190917973,46.65843967235109],[75.61009219717228,46.69630057963537],[75.38419343145397,46.66869738143789],[74.98030851651535,46.54803081752143],[74.75603483360165,46.52923198742334],[74.16105652206552,46.13601303774185],[74.00004578835161,45.99999621231563],[71.32881088008953,46.00094790761097],[71.31093675359617,46.186712086546144],[71.33171914937367,46.32415467210444],[71.28273549466667,46.50013318985447],[71.34804703541066,46.71058153115402],[71.32446232819917,46.88837425326224],[71.30467296411659,47.393174449421934],[71.36122419212344,47.533609990100956],[71.38101703136107,47.657079928467276],[71.57894628886955,47.543035167723325],[71.71466918332607,47.51758717905886],[71.78714336071802,47.70244747587562],[71.8575131511528,47.70552336939617],[71.89618438025833,47.74297806709415],[71.96718392903402,47.77828375316591],[72.12264071565102,47.7993013844192],[72.09430850065941,47.838905022151714],[72.07248670021093,47.849012131478105],[72.02482900417947,47.962514281768954],[71.99315617295018,47.97881325947798],[71.97121220534149,48.02375859834361],[71.94099180622503,48.03805432054086],[71.96221472815739,48.064599696255634],[71.97776242922718,48.123047042856825],[71.96816464930684,48.16631591650118],[71.9080032189746,48.20849943188281],[71.90679360753761,48.25517354596614],[71.86802225999496,48.28180463687748],[71.84300921812215,48.3197743077555],[71.95290582358551,48.349979662348126],[72.00069194676053,48.49823917937659],[72.01294470765535,48.62934452190752],[72.0031424552205,48.711438708359054],[72.03745042800233,48.7187903822142],[72.04112636982165,48.734719270881044],[72.11096761780865,48.73839508537337],[72.09993996387071,48.78740632405598],[72.07697149117841,48.79889082443335],[72.06548715834244,48.83047252112345],[72.10855319801394,48.83334351277518],[72.09706897737034,48.928089023604805],[72.04251861142764,48.928089023604805],[72.01380778192231,48.95392844195918],[71.99371027871115,48.95392844195918],[71.98509718613973,48.9682840558491],[72.01380783218131,48.99986569613927],[71.94203099423045,49.04006061870499],[71.94203100240107,49.16925887113371],[71.66640816546965,49.163516859787],[71.62908421916178,49.18074326695279],[71.64056852876699,49.23529367813077],[71.00319059388643,49.16638800471624],[70.94576903382944,49.226680260556044],[70.8191765592259,49.25887417431023],[70.77659616809574,49.30905824404723],[70.77051321433973,49.36456475930613],[70.6480946217745,49.390417281191766],[70.55000761197316,49.389656894529615],[70.55456978883898,49.138736646740455],[70.42900918851618,48.85831236700935],[69.82575455408426,48.79789839022293],[69.77265393770787,48.7167207916751],[69.42420643221246,48.64357463855995],[69.29558469888322,48.68724657763643],[69.15557977062159,48.79701540505762],[68.9051486082128,48.79570082598515],[68.71773213168966,48.8650841339128],[68.36336256654812,49.14736949275402],[67.94510978652632,49.173212748724396],[67.91046246550924,49.20887895276638],[67.93186225664996,49.30670655655543],[67.88498646568114,49.420838597990006],[67.73687318206825,49.551213521093956],[67.6642387448807,49.69698329360742],[67.62311445565918,49.694979552976626],[67.54713768741155,49.72584492991511],[67.5471377210301,49.76383334941779],[67.41278001417346,49.905104162266404],[67.64752197195173,50.10115051080281],[67.60035705830605,50.16131973782393],[67.62762451361195,50.17802429536827],[67.58844757521813,50.22315598380218],[67.63078308218955,50.25130462847732],[67.79151153451345,50.26487731591296],[67.9759597783002,50.31605148362032],[68.04602812921772,50.35446928296089],[68.07408905392232,50.40460587306316],[68.13204194024452,50.44127656895825],[68.11614991132771,50.47140504810876],[68.01139832215698,50.50652314666245],[68.0049133234807,50.53128050465619],[67.94768525028043,50.55104066594827]]]},"type":"Feature","properties":{"source":"https://simplemaps.com","id":"KZ35","name":"Karaganda","code":"karaganda","backendName":"Karaganda","kind":"region"},"id":18},{"geometry":{"type":"Polygon","coordinates":[[[80.54007437946748,43.82109941787138],[80.51116743360267,43.82116584013779],[80.48616760157019,43.78378756470258],[80.42009508635594,43.80388908318031],[80.41279701327376,43.7851619013612],[80.32201405271107,43.777319619112525],[80.31686181847277,43.76167203893389],[80.28006457102872,43.773178417714036],[80.26898019078753,43.757574246805966],[80.23056125755959,43.75972656532032],[80.22109099280318,43.774469854106734],[80.19623162967733,43.76047965084328],[80.179051823603,43.80207138336081],[80.13490046161789,43.78388932213289],[80.10361966445602,43.80164757949183],[80.08797927868073,43.78095664603705],[80.06859172470271,43.80343968467471],[80.03861430925754,43.79399023734021],[80.04008066297078,43.809630761554864],[80.00423811697415,43.81484419251091],[79.9975583839034,43.79301285668604],[79.97960506798432,43.814636092808406],[79.95229930081793,43.8199641471396],[79.9467662745937,43.80592250301471],[79.91540373975641,43.79912091272541],[79.92598389072474,43.82368197187909],[79.90369007681934,43.831994939320246],[79.8734611787995,43.82330415508314],[79.84134303552212,43.8365294636377],[79.82396132501712,43.85957882215104],[79.7823966313693,43.86638045341604],[79.72949596452602,43.89547562413257],[79.72382813449981,43.92872762083442],[79.67848471580041,43.93250612253487],[79.56377344973889,43.97874168532487],[79.51795720355977,43.97492375991523],[79.50122605046525,43.95281728475315],[79.4547005971802,43.953677078120755],[79.36323116776026,43.906865812951665],[79.29041260399254,43.900545646965824],[79.25345391489702,43.862130221141165],[79.21850302059543,43.870341849157526],[79.19933255192986,43.85261823907241],[79.13858560451573,43.83145105555663],[79.06009839128387,43.84468880262549],[79.02968824232408,43.83150986200328],[78.99502447805901,43.854709175049116],[78.85483631263646,43.8516486479044],[78.827548830191,43.8377421720949],[78.76052488865923,43.84815454224375],[78.63133483900226,43.82369994865423],[78.5372413862754,43.849982491947124],[78.49937189631434,43.8392400850469],[78.4663662757009,43.860673365281926],[78.44583887585253,43.85572295661669],[78.39222270704859,43.87798500845797],[78.34167047458998,43.87955558759457],[78.33724697270355,43.89282163417634],[78.23449092081665,43.89739763630653],[78.18909527343935,43.88081473668137],[78.0635616646395,43.86539833764777],[77.93224968635352,43.88039055051621],[77.85109355337485,43.85071684299065],[77.82655889019682,43.91344358995741],[77.77844892971721,43.92146206856848],[77.77684517990826,43.937498562570234],[77.83778459268494,44.01126737293367],[77.72552789736349,44.065792131196474],[77.6132710809714,44.041736916732496],[77.61327121059011,44.070603216177865],[77.35187331476163,44.162012054755834],[77.35668429819152,44.210122037749066],[77.33904403166639,44.219744209250806],[77.39036132017402,44.27266508034627],[77.37111732992402,44.306342140701716],[77.38073932446797,44.338415467803],[77.29414131655604,44.34803755277692],[77.29414126241038,44.35605577164735],[77.20433590075511,44.34643380559374],[77.1738663242452,44.38011105488745],[77.18188466111228,44.44265408551903],[77.1065122423179,44.46510532807575],[76.93385080333411,44.57110674408554],[76.94189680277388,44.58298422394858],[76.93614965242006,44.606355593037456],[76.92120723928389,44.612869009433965],[76.92339967819721,44.65482240697778],[76.83917007991138,44.75830446900647],[76.83676348350474,44.84975366223471],[76.87767508185246,44.87622599771104],[76.80788479580563,44.97008171882092],[76.72365518854316,45.02783912483812],[76.64423871446273,45.02302600505899],[76.61535999706702,45.039871924722725],[76.56963535978414,45.03265224367791],[76.56000912000734,45.073563759500885],[76.54797632101906,45.078376879366935],[76.52631728399028,45.19148519376126],[76.48299920532298,45.258868864482494],[76.487812327503,45.29015414765273],[76.38673680634618,45.38882308116295],[76.26881539129968,45.44417399189247],[76.18458579669375,45.615039736905594],[76.17255298028364,45.68482993414907],[76.19661858714774,45.72814802966748],[76.19176800879697,46.44820546895804],[76.24008646106796,46.46753283227942],[76.21109536531353,46.55933787245818],[76.22632309636496,46.63166945315254],[76.76520537515346,46.543186171503145],[77.14928438384833,46.512935681649715],[77.57600400860588,46.528476674635236],[77.4701766600868,47.164623184464894],[77.55499270831173,47.23698431889972],[77.8139190682241,47.19475555649128],[77.96353912704183,47.30676270115783],[78.0916595438199,47.21076583458048],[78.25204469767758,47.349018136635955],[78.54791256328328,47.19411461499772],[78.59289553459801,47.157825523660456],[78.71978763316415,47.14756781985022],[78.76621248759257,47.05986409365211],[79.21813968479478,47.08772666680314],[79.52773285733157,46.778553025797414],[79.99917600085317,46.891315411759045],[80.20948792905779,46.82959368606091],[80.2002029729774,46.76184851196164],[80.53387449229344,46.656127890629115],[80.82775113257817,46.542957251244644],[81.14238736062725,46.53271859956007],[81.20659639719133,46.47189716918866],[81.25144957732941,46.47358702073493],[81.30861663345605,46.49419020696814],[81.3394852056849,46.444053724973166],[81.37139131404633,46.42024234591122],[81.41693876915383,46.46054074547768],[81.4504089450121,46.46011354289735],[81.4148406844255,46.41734692699961],[81.48321535404159,46.41247562981073],[81.51819609210122,46.396579714374354],[81.55205535189401,46.43643187089663],[81.57875061172982,46.434757236432176],[81.5570526179423,46.40043641280414],[81.50594326934181,46.37314599999474],[81.52242279597047,46.36379624388717],[81.56429291989875,46.369037651653585],[81.52993773770265,46.33694838246542],[81.89101408701755,46.09346768810839],[81.98007966928785,45.88596347660526],[82.1309280451223,45.7598419292635],[82.14205169728726,45.67385864357653],[82.13042448331326,45.64505001547828],[82.16012573954227,45.56128694117354],[82.28007685204712,45.541818673502426],[82.41697000067387,45.47148000135401],[82.59793999576982,45.4402999915133],[82.63085999385589,45.35965998765807],[82.59251999593116,45.23145999180188],[82.48620000233636,45.120670004723486],[82.30631999787457,45.22651999570224],[82.25452806802434,45.23580023304918],[82.11439999744128,45.20790999481227],[82.00824000157476,45.158470003199874],[81.95453000091248,45.156820001855465],[81.92512184851579,45.16886879248149],[81.89771000353879,45.209250007193496],[81.81834000080183,45.204890001631554],[81.7881599997062,45.30688999940305],[81.73164000542027,45.35026001100974],[81.68958000436501,45.366630008868086],[81.6592200059688,45.34837001213517],[81.62633000273263,45.35388000555711],[81.5638802798742,45.307110216132045],[81.5267911238968,45.300890394251105],[81.48499000430348,45.275200008780914],[81.43530999603044,45.269409991894356],[81.41358991118099,45.28778990130685],[81.36564000123929,45.255740002533415],[81.3233700002256,45.2673900004613],[81.29294999965204,45.246989999287614],[81.2236599993177,45.24559999860232],[81.17856000437641,45.230070008971275],[81.16454999713336,45.21083999412014],[81.1053999981635,45.21916999623103],[81.07519999894367,45.174399997829234],[80.95161999565525,45.16712999105734],[80.89063000177885,45.13050000366632],[80.85411000180312,45.12795000371837],[80.72898068954616,45.17370952188122],[80.69601000099856,45.13724000206292],[80.60605000171856,45.11035000355581],[80.47015000143912,45.11782000298246],[80.44514999975868,45.10268999949925],[80.42708999999452,45.06775999998852],[80.38102999961907,45.04464999920833],[80.34158000096261,45.04459000200081],[80.3079899998492,45.06671999968629],[80.218539999683,45.0310399993398],[80.17476999972558,45.02927999942828],[80.1499900002463,45.045480000513066],[80.08182999916869,45.049559998266226],[80.07354999983068,45.039599999646306],[80.08302048005845,45.01032143218013],[80.05296000003258,45.013890000068095],[79.93500072706824,44.93285975666465],[79.85967346858324,44.90834704377349],[79.84161006677937,44.88820014007582],[79.90099000389124,44.89722000815451],[79.96040012687038,44.87894007256387],[79.98379830309564,44.83250917609969],[80.01454632958237,44.80497476139958],[80.10590003322947,44.80884006957613],[80.14346992952134,44.830359852560534],[80.21846994021962,44.822719875039766],[80.26785000854481,44.84231001784368],[80.2906899803733,44.8346499590201],[80.28926002045861,44.81477004273377],[80.34062017790656,44.820259988450225],[80.36437003026882,44.7868700631999],[80.44698004822682,44.75742010064933],[80.48236005303394,44.73286011068587],[80.48736005990878,44.70650012509106],[80.40192002047361,44.685680042812336],[80.36106994755279,44.65635989020781],[80.40410994369086,44.60917988207451],[80.34283011975882,44.48129966794574],[80.36316996934686,44.43304993553746],[80.38302005107052,44.31999010763356],[80.40008003999363,44.28941008432685],[80.40278003355338,44.19796007088911],[80.41738999217509,44.12972998344539],[80.44740006681073,44.07572014146865],[80.44066995347902,44.05501990143788],[80.45647991985892,44.031559734783485],[80.4542001252853,44.00338132570329],[80.50655001105277,43.919660023472815],[80.50347005062736,43.889090107601135],[80.51974001739025,43.83420003700219],[80.54007437946748,43.82109941787138]]]},"type":"Feature","properties":{"source":"https://simplemaps.com","id":"KZ33","name":"Jetisu","code":"jetisu","backendName":"Jetisu","kind":"region"},"id":19},{"geometry":{"type":"Polygon","coordinates":[[[83.19420920997298,47.21138774522959],[83.31761710747028,47.394358541637175],[83.02655345486626,47.5948460721553],[83.11714011924018,47.916231446015594],[83.3718917848482,48.011647942139184],[83.43145313949394,48.23348533033944],[83.46970892837122,48.23903859631854],[83.46724082975122,48.253847317607736],[83.49192194976084,48.26618783541232],[83.47649620248983,48.28346459134527],[83.53510571769468,48.33222971924993],[83.59448015709438,48.346561448083925],[83.62109628995948,48.36908278716941],[83.61700162442601,48.389556965987424],[83.56786401022775,48.41617286662933],[83.49211050646784,48.43459963694508],[83.43741795386273,48.46994643389315],[83.42316316939365,48.540672535869966],[83.23613812192377,48.56193240616521],[83.07010209484538,48.773972849791484],[83.11435612324856,48.93689511473328],[82.92059441168777,48.963980230335984],[82.81537969343081,48.922831921758515],[82.71657719359817,49.10533719591439],[82.80498086545391,49.19559780553207],[82.79259969119903,49.22792820548954],[82.75860120819593,49.23658842467874],[82.73518767116559,49.226131847911994],[82.69181336898404,49.24020173329293],[82.65830767229325,49.21147964999588],[82.63586122553693,49.21085385778958],[82.63097476958305,49.23373076245857],[82.59771833158169,49.24616993256792],[82.60882177353689,49.25318255363841],[82.52466883103872,49.32856951475918],[82.40373907090863,49.33712183616983],[82.37395644132916,49.29680070715745],[82.3327190486562,49.35315846371115],[82.26032462554757,49.368737216009144],[82.2561691799203,49.39126226114992],[82.23531403130754,49.40207589177477],[82.21059697088648,49.38740022623621],[82.18510741487452,49.39126226114992],[82.17815576058962,49.37426930183899],[82.08778375365476,49.40825539953265],[82.02135642577012,49.45768962483668],[82.05920444320076,49.49939961980519],[82.01672195238123,49.50866869840655],[81.98119108741601,49.56119264263519],[81.89081900175802,49.570461465113816],[81.89862106294832,49.59105015792348],[81.86268427877572,49.60921567134961],[81.78804662393263,49.617508700974184],[81.79476009100266,49.65265557435722],[81.75754113930172,49.69309526321724],[81.72144552089345,49.697106143058996],[81.73748795352522,49.75325487427515],[81.68534967386823,49.78132940736106],[81.72545619689552,49.805393470698014],[81.70941361108976,49.861542372426634],[81.6091475917579,49.87758486971312],[81.58909431225973,49.90966984022602],[81.55299853523655,49.91368044024454],[81.52893479895732,49.92972317331462],[81.32439220572101,49.96180831665242],[81.32439216898258,50.001914646175244],[81.35647728527493,50.054052960285574],[81.36850920385314,50.122233830706726],[81.15193467684534,50.17437214365562],[81.13849327306994,50.21521727712982],[81.23660179035375,50.250976454256914],[81.33287650762122,50.22392784836045],[81.40256106708529,50.23355532685248],[81.33241806367123,50.31561806507541],[81.47545477882538,50.32478707886904],[81.62653973659882,50.26886037722064],[81.67532521505368,50.304839665945345],[81.6885751391594,50.39901800501604],[81.72182106308505,50.40065303649216],[81.69056336511872,50.4078204490788],[81.66015601621164,50.43198163707035],[81.69066663054059,50.48170263768222],[81.73417251780178,50.50373809019378],[81.71270208121837,50.53198866462489],[81.67823636687089,50.550069009243266],[81.67880137829763,50.56475930785718],[81.65507089792142,50.55628413919325],[81.63812055355802,50.56645434651561],[81.63586051624928,50.584534728877756],[81.6641110779198,50.58566473012478],[81.66467609487316,50.64725099172561],[81.6341654784963,50.67437155002348],[81.63473049616513,50.69584199706666],[81.58444445325524,50.70375212337275],[81.59739364417185,50.75328740347617],[81.76304001382599,50.77207002330187],[81.78030999810831,50.81718999681855],[81.79484999189242,50.81251998636364],[81.79603998038101,50.78207996696133],[81.88244002295976,50.81096003857767],[82.00768999860445,50.79972999765737],[82.10915000446398,50.74895000749897],[82.16146998242081,50.738689970475605],[82.21682999420787,50.74227999027977],[82.28211000010677,50.775770000178646],[82.37566999420457,50.7780199903074],[82.55006999214544,50.75566998687957],[82.6698499895276,50.80037998256406],[82.71310002029097,50.82812003372747],[82.73922998911813,50.934169981995986],[82.98768001233661,50.90016002037774],[83.1031099872308,50.97342997899902],[83.11436999498336,50.990899991756294],[83.11163001534217,51.01845002518384],[83.16999998656443,51.01393997795716],[83.18998997994709,50.989209967075546],[83.23501999409507,51.01076999031841],[83.38213999527493,51.00116999226354],[83.43862910609437,51.01604020050008],[83.41033133072537,50.98022914428712],[83.49071001746962,50.95574002861834],[83.58119001651602,50.950720027032496],[83.70944998465906,50.89493997487239],[83.81250998971187,50.88305998316125],[83.9643799851732,50.77997997567435],[83.99039001611372,50.70676002650898],[84.23321999147694,50.515369985906496],[84.23888970881721,50.50137942533333],[84.21126001005318,50.47145001665875],[84.20963000934685,50.45296001550063],[84.25711999565696,50.35832999277236],[84.23952000309119,50.29497693965564],[84.32405999512302,50.22452999184305],[84.41015999716824,50.22197999526793],[84.47759000426134,50.25024000710575],[84.55926999559763,50.20240999265044],[84.66685000182268,50.18237000304153],[84.75543000254868,50.138180004256704],[84.81452000029829,50.13457000049806],[84.83420999888803,50.096689998141024],[84.93211999860677,50.090609997672885],[84.99802000112655,50.056070001883064],[85.03411991854584,50.0028705315769],[84.98812276380795,49.995418568828754],[84.98101998647327,49.9208106926846],[85.01578007489306,49.8919801260686],[85.10477004391363,49.874720073899105],[85.11798004792716,49.83025008079768],[85.20534006190096,49.71787010475887],[85.19894087657885,49.642349082761505],[85.21228997284219,49.6268099538628],[85.25470998305576,49.61480997121354],[85.27828004441994,49.589690075524345],[85.32592963801032,49.59281988834511],[85.36450004648461,49.56685007903178],[85.39818997451795,49.57392995670612],[85.42081993221922,49.56372988482164],[85.45299996463544,49.59127993999882],[85.55159991868352,49.60358986226623],[85.61423999101224,49.58945998477859],[85.67467002497114,49.5568400423193],[85.75374999434095,49.57056999042356],[85.82676001386481,49.548140023464164],[85.91927004595506,49.55430007766832],[85.94331993688729,49.54251989331021],[85.9351400855304,49.497370144876484],[85.97967002145337,49.48617003633724],[86.03386002580557,49.512920043632136],[86.10556949661544,49.51675015833248],[86.16927000560749,49.46116000948704],[86.20316378697908,49.48631975228907],[86.19392009063415,49.51376015295451],[86.23539997494667,49.548779957802914],[86.23871991242962,49.58299985272566],[86.39890232325669,49.62932179365382],[86.48637008993516,49.69243015011266],[86.60843991102273,49.7555898520995],[86.6236099553828,49.773180607587015],[86.60819006944368,49.7900501152591],[86.61383996600921,49.80345994362034],[86.80321993829949,49.80314989788072],[86.76767008231889,49.74309013665532],[86.78341750254089,49.711018607102346],[86.69901006534303,49.67445010888214],[86.6688500612944,49.680610102144286],[86.62162997956784,49.64127996587434],[86.61976001251321,49.61362002092466],[86.63415998123881,49.58165996858986],[86.657200052472,49.56657008788137],[86.70963002730235,49.572240045688055],[86.80185904899835,49.544160622542826],[86.78743646033058,49.52835028137982],[86.824343375267,49.50922731509581],[86.81400807291547,49.45000609762117],[86.9087799264056,49.414159876306535],[86.91612005277878,49.372760088853624],[86.9020100032735,49.35077075187623],[86.9313100376998,49.327830063575675],[86.9420900313179,49.303420052860076],[87.00084934641391,49.29768998811219],[87.0372814311417,49.2567595454096],[87.18949006116135,49.24794010317418],[87.28197999819852,49.20169999695847],[87.31257992963396,49.0996915858422],[87.26909998308122,49.11532997133061],[87.22172002411742,49.114410040891116],[87.13470132033657,49.15079955355678],[86.96902994018205,49.10044989822667],[86.8717299578416,49.114649928233106],[86.84504993435277,49.09649988813136],[86.82933004255865,49.050490072671174],[86.72887251509017,48.99803003558068],[86.73360008556757,48.91462014706633],[86.81044002144802,48.85031003692373],[86.81116006877318,48.828440118496324],[86.75194997869319,48.79438996321423],[86.74661006890513,48.77362011906611],[86.76949000003725,48.744720000064326],[86.7630699723337,48.71484995209341],[86.69961227378175,48.66612296442688],[86.68541001392985,48.638860024212775],[86.63408975488156,48.62466938943993],[86.58854998039165,48.54299996575427],[86.54153006883816,48.53664012031853],[86.43335992464027,48.49454986790896],[86.38975005195415,48.50982009105911],[86.31805005589679,48.50098009808326],[86.27540002334013,48.46409004103214],[86.21439002574355,48.435470045337645],[86.01483995328266,48.44927991757568],[85.96574007168253,48.43079012662962],[85.91594952840973,48.4391397463288],[85.83935993065734,48.42549987729899],[85.73068002735609,48.366240048573715],[85.70204996816,48.32942994336896],[85.69743007814755,48.29107013919682],[85.61039996524761,48.15672993773417],[85.6120500686635,48.08333012334349],[85.58821994240992,48.026569896311884],[85.54770999454595,47.9735599901574],[85.54159995527684,47.93943991918861],[85.62123966653078,47.60763869014307],[85.60837170546286,47.550923464138954],[85.62046645194121,47.48921300140951],[85.70718003325436,47.37551006110533],[85.69086001696104,47.3246700312221],[85.70282996300455,47.29452993184339],[85.69683996579224,47.2308599368497],[85.67754000371738,47.2114600068681],[85.59779998145792,47.206279965704134],[85.57649996863861,47.19066994195072],[85.56241997797748,47.13575995916184],[85.53282027892364,47.09251070364531],[85.52971999772129,47.05939999676264],[85.35408996771073,47.06082993984115],[85.32269996778443,47.04673993993097],[85.29167002464324,47.06198004594533],[85.22320001425582,47.0536400266066],[85.1902400387448,47.00691007244145],[85.0904900072928,46.95986001367039],[85.06992000826244,46.93318001550381],[84.97566995923448,46.914469923379464],[84.96259079379382,46.87164092219622],[84.91740998381437,46.85421996950413],[84.87127999645392,46.85481999331514],[84.80594996886042,46.82668994120544],[84.78551996013707,46.83936992474427],[84.6953300343518,46.83989006491951],[84.73716999892056,46.85974999796219],[84.75639998252689,46.89078996705082],[84.78585001005374,46.90837001894206],[84.68604003632653,47.00464006832889],[84.56371029737687,46.99694992273795],[84.50702003571453,46.97783006737366],[84.46173000016525,46.98728000031175],[84.42919999404141,47.010469988760015],[84.37281998097824,46.99726996407978],[84.2148099885871,46.99960997840913],[84.03822003230692,46.96535006130779],[83.97684001946418,46.995460036930524],[83.90940001794195,46.996280034069024],[83.58046002065556,47.058400039303294],[83.45808996858315,47.131949940265095],[83.40899917098643,47.12242071293468],[83.3511599598104,47.17403992358538],[83.24432003073711,47.17817005850986],[83.19420920997298,47.21138774522959]]]},"type":"Feature","properties":{"source":"https://simplemaps.com","id":"KZ63","name":"East Kazakhstan","code":"east-kazakhstan","backendName":"East Kazakhstan","kind":"region"},"id":20}]}